"","scientificName","countryCode","year"
"1","Ocimum basilicum L.","PG",1970
"2","Ocimum basilicum L.","PG",1981
"3","Ocimum basilicum L.","PG",1980
"4","Ocimum basilicum L.","PG",1972
"5","Ocimum basilicum L.","PG",1980
"6","Ocimum basilicum L.","PG",1970
"7","Ocimum basilicum L.","PG",1918
"8","Ocimum basilicum L.","PG",1954
"9","Ocimum basilicum L.","SE",2006
"10","Ocimum basilicum L.","DE",2011
"11","Ocimum basilicum L.","ES",2012
"12","Ocimum basilicum L.","ES",2013
"13","Ocimum basilicum L.","DE",2013
"14","Ocimum basilicum L.","DE",2011
"15","Ocimum basilicum L.","CN",1936
"16","Ocimum basilicum L.","CN",1936
"17","Ocimum basilicum L.","CN",1936
"18","Ocimum basilicum L.","CN",1936
"19","Ocimum basilicum L.","MY",1995
"20","Ocimum basilicum L.","MY",1951
"21","Ocimum basilicum L.","CX",1997
"22","Ocimum basilicum L.","MY",1947
"23","Ocimum basilicum L.","MY",1985
"24","Ocimum basilicum L.","ID",1894
"25","Ocimum citrodorum Blanco","PG",1969
"26","Ocimum citrodorum Blanco","PG",1971
"27","Ocimum citrodorum Blanco","PG",1926
"28","Ocimum citrodorum Blanco","PG",1933
"29","Ocimum citrodorum Blanco","PG",1931
"30","Ocimum basilicum L.","YE",1999
"31","Ocimum basilicum L.","ES",1988
"32","Ocimum basilicum L.","ES",1992
"33","Ocimum basilicum L.","ES",1985
"34","Ocimum basilicum L.","ES",2010
"35","Ocimum basilicum L.","TW",1931
"36","Ocimum basilicum L.","TW",1915
"37","Ocimum basilicum L.","TW",1963
"38","Ocimum basilicum L.","TW",1963
"39","Ocimum basilicum L.","TW",1966
"40","Ocimum basilicum L.","TW",1981
"41","Ocimum basilicum L.","TW",1981
"42","Ocimum basilicum L.","TW",1967
"43","Ocimum basilicum L.","TW",1967
"44","Ocimum basilicum L.","TW",1973
"45","Ocimum basilicum L.","TW",1982
"46","Ocimum basilicum L.","TW",1970
"47","Ocimum basilicum L.","TW",1970
"48","Ocimum basilicum L.","TW",1973
"49","Ocimum basilicum L.","TW",1967
"50","Ocimum basilicum L.","TW",1994
"51","Ocimum basilicum L.","PH",1994
"52","Ocimum basilicum L.","BJ",2013
"53","Ocimum basilicum L.","BJ",2013
"54","Ocimum basilicum L.","BJ",2013
"55","Ocimum basilicum L.","SE",2004
"56","Ocimum basilicum L.","SE",2003
"57","Ocimum basilicum L.","BE",2005
"58","Ocimum basilicum L.","SE",2012
"59","Ocimum basilicum L.","SE",2012
"60","Ocimum basilicum L.","SE",2005
"61","Ocimum basilicum L.","SE",2004
"62","Ocimum basilicum L.","SE",2011
"63","Ocimum basilicum L.","SE",2006
"64","Ocimum basilicum L.","SE",2010
"65","Ocimum basilicum L.","SE",2005
"66","Ocimum basilicum L.","SE",2002
"67","Ocimum basilicum L.","SE",2002
"68","Ocimum basilicum L.","SE",2002
"69","Ocimum basilicum L.","SE",2006
"70","Ocimum basilicum L.","SE",2005
"71","Ocimum basilicum L.","SE",2005
"72","Ocimum basilicum L.","SE",2005
"73","Ocimum basilicum L.","SE",2005
"74","Ocimum basilicum L.","SE",2005
"75","Ocimum basilicum L.","SE",2005
"76","Ocimum basilicum L.","SE",2005
"77","Ocimum basilicum L.","SE",2005
"78","Ocimum basilicum L.","SE",2004
"79","Ocimum basilicum L.","SE",2004
"80","Ocimum basilicum L.","MZ",1944
"81","Ocimum basilicum L.","DE",1946
"82","Ocimum basilicum L.","DE",1946
"83","Ocimum basilicum L.","GR",1993
"84","Ocimum basilicum L.","GR",1981
"85","Ocimum basilicum L.","GR",1981
"86","Ocimum basilicum L.","SD",1839
"87","Ocimum basilicum L.","CO",2012
"88","Ocimum basilicum L.","IN",1994
"89","Ocimum basilicum L.","IN",1994
"90","Ocimum basilicum L.","IN",1984
"91","Ocimum basilicum L.","US",1941
"92","Ocimum basilicum L.","US",1941
"93","Ocimum basilicum L.","AU",1977
"94","Ocimum basilicum L.","US",1968
"95","Ocimum basilicum L.","US",1899
"96","Ocimum basilicum L.","US",1968
"97","Ocimum basilicum L.","US",1915
"98","Ocimum basilicum L.","BF",1994
"99","Ocimum basilicum L.","SN",1993
"100","Ocimum minimum L.","EC",1983
"101","Ocimum basilicum L.","MX",2021
"102","Ocimum basilicum L.","MX",2023
"103","Ocimum basilicum L.","MX",2022
"104","Ocimum basilicum L.","MX",2021
"105","Ocimum basilicum L.","MX",2021
"106","Ocimum basilicum L.","CO",2015
"107","Ocimum basilicum L.","CO",1980
"108","Ocimum basilicum L.","CO",2014
"109","Ocimum basilicum L.","CO",2022
"110","Ocimum basilicum L.","CO",2022
"111","Ocimum basilicum L.","CO",2022
"112","Ocimum basilicum L.","CO",2022
"113","Ocimum basilicum L.","CO",2022
"114","Ocimum basilicum L.","CO",2022
"115","Ocimum basilicum L.","CO",2022
"116","Ocimum basilicum L.","CO",2022
"117","Ocimum basilicum L.","CO",2022
"118","Ocimum basilicum L.","CO",2022
"119","Ocimum basilicum L.","CO",2022
"120","Ocimum basilicum L.","CO",2022
"121","Ocimum basilicum L.","CO",2021
"122","Ocimum basilicum L.","BR",2022
"123","Ocimum basilicum L.","BR",2022
"124","Ocimum basilicum L.","BR",2005
"125","Ocimum basilicum L.","BR",2005
"126","Ocimum basilicum L.","MX",2023
"127","Ocimum basilicum L.","MX",2023
"128","Ocimum basilicum L.","IN",2023
"129","Ocimum basilicum L.","IQ",2023
"130","Ocimum basilicum L.","TZ",1971
"131","Ocimum basilicum L.","MX",2023
"132","Ocimum basilicum L.","MX",2023
"133","Ocimum basilicum L.","MX",2023
"134","Ocimum basilicum L.","MX",2017
"135","Ocimum basilicum L.","MX",2020
"136","Ocimum basilicum L.","DE",2023
"137","Ocimum basilicum L.","MX",2023
"138","Ocimum basilicum L.","MX",2023
"139","Ocimum basilicum L.","BR",2022
"140","Ocimum basilicum L.","BR",2003
"141","Ocimum minimum L.","BR",2022
"142","Ocimum minimum L.","BR",2012
"143","Ocimum minimum L.","BR",2022
"144","Ocimum basilicum L.","BR",2000
"145","Ocimum basilicum L.","BR",2000
"146","Ocimum basilicum L.","BR",2000
"147","Ocimum basilicum L.","BR",2017
"148","Ocimum basilicum L.","BR",2001
"149","Ocimum basilicum L.","BR",2001
"150","Ocimum basilicum L.","BR",2022
"151","Ocimum basilicum L.","BR",1996
"152","Ocimum basilicum L.","BR",2019
"153","Ocimum basilicum L.","BR",1992
"154","Ocimum basilicum L.","BR",1992
"155","Ocimum basilicum L.","BR",2007
"156","Ocimum basilicum L.","DE",2023
"157","Ocimum basilicum L.","ES",2022
"158","Ocimum basilicum L.","UA",2012
"159","Ocimum basilicum L.","PT",2023
"160","Ocimum basilicum L.","ES",2023
"161","Ocimum basilicum L.","EC",2023
"162","Ocimum basilicum L.","US",1949
"163","Ocimum basilicum L.","CL",2014
"164","Ocimum basilicum L.","CL",2014
"165","Ocimum basilicum L.","CL",2012
"166","Ocimum basilicum L.","CL",2012
"167","Ocimum basilicum L.","CL",2013
"168","Ocimum basilicum L.","CL",2012
"169","Ocimum basilicum L.","CL",2012
"170","Ocimum basilicum L.","CL",2013
"171","Ocimum basilicum L.","CL",2012
"172","Ocimum basilicum L.","CL",2011
"173","Ocimum basilicum L.","CL",2012
"174","Ocimum basilicum L.","CL",2013
"175","Ocimum basilicum L.","DK",2023
"176","Ocimum basilicum L.","CN",2023
"177","Ocimum basilicum L.","NC",1969
"178","Ocimum basilicum L.","NC",1974
"179","Ocimum basilicum L.","AO",1933
"180","Ocimum basilicum L.","PY",1875
"181","Ocimum basilicum L.","NC",1981
"182","Ocimum basilicum L.","NC",1973
"183","Ocimum basilicum L.","NC",1971
"184","Ocimum basilicum L.","NC",1969
"185","Ocimum basilicum L.","AO",1937
"186","Ocimum basilicum L.","AO",1937
"187","Ocimum basilicum L.","NC",1971
"188","Ocimum basilicum L.","CH",2023
"189","Ocimum basilicum L.","CH",2023
"190","Ocimum basilicum L.","CH",2023
"191","Ocimum basilicum L.","CH",2023
"192","Ocimum basilicum L.","CH",2023
"193","Ocimum basilicum L.","CH",2023
"194","Ocimum basilicum L.","CH",2023
"195","Ocimum basilicum L.","CH",2023
"196","Ocimum basilicum L.","CH",2023
"197","Ocimum basilicum L.","CH",2023
"198","Ocimum basilicum L.","CH",2023
"199","Ocimum basilicum L.","CH",2023
"200","Ocimum basilicum L.","CH",2023
"201","Ocimum basilicum L.","CH",2023
"202","Ocimum basilicum L.","CH",2023
"203","Ocimum basilicum L.","SE",2023
"204","Ocimum basilicum L.","SE",2023
"205","Ocimum basilicum L.","DE",2022
"206","Ocimum basilicum L.","DE",2022
"207","Ocimum basilicum L.","DE",2023
"208","Ocimum basilicum L.","MX",1991
"209","Ocimum basilicum L.","CA",2023
"210","Ocimum basilicum L.","BR",2023
"211","Ocimum basilicum L.","MX",1966
"212","Ocimum basilicum L.","MX",1988
"213","Ocimum minimum L.","BR",2023
"214","Ocimum basilicum L.","BR",2014
"215","Ocimum minimum L.","BR",2000
"216","Ocimum basilicum L.","BR",2017
"217","Ocimum basilicum L.","BR",2016
"218","Ocimum basilicum L.","PK",2023
"219","Ocimum basilicum L.","FR",2018
"220","Ocimum basilicum L.","TH",2023
"221","Ocimum basilicum L.","UA",2023
"222","Ocimum basilicum L.","RU",2021
"223","Ocimum basilicum L.","IN",2023
"224","Ocimum basilicum L.","EC",2021
"225","Ocimum basilicum L.","IN",2023
"226","Ocimum basilicum L.","TT",2012
"227","Ocimum basilicum L.","JM",2015
"228","Ocimum basilicum L.","ZA",2020
"229","Ocimum basilicum L.","ZA",2014
"230","Ocimum basilicum L.","NZ",2023
"231","Ocimum basilicum L.","MX",2023
"232","Ocimum basilicum L.","MX",2023
"233","Ocimum basilicum L.","MX",2023
"234","Ocimum basilicum L.","IN",2021
"235","Ocimum basilicum L.","CV",2023
"236","Ocimum basilicum L.","MX",2023
"237","Ocimum basilicum L.","MX",2023
"238","Ocimum basilicum L.","BR",2023
"239","Ocimum basilicum L.","MX",2023
"240","Ocimum basilicum L.","BR",2022
"241","Ocimum basilicum L.","MX",2023
"242","Ocimum basilicum L.","MX",2023
"243","Ocimum basilicum L.","MO",2023
"244","Ocimum basilicum L.","TH",2023
"245","Ocimum basilicum L.","BR",2023
"246","Ocimum basilicum L.","US",1996
"247","Ocimum basilicum L.","ES",2023
"248","Ocimum basilicum L.","TW",2023
"249","Ocimum basilicum L.","MX",2023
"250","Ocimum basilicum L.","US",2016
"251","Ocimum basilicum L.","US",1994
"252","Ocimum basilicum L.","PK",2008
"253","Ocimum basilicum L.","PK",2017
"254","Ocimum basilicum L.","EC",1990
"255","Ocimum basilicum L.","MX",2023
"256","Ocimum basilicum L.","MX",2023
"257","Ocimum basilicum L.","TW",2020
"258","Ocimum basilicum L.","MX",2023
"259","Ocimum basilicum L.","MX",2023
"260","Ocimum basilicum L.","PR",2023
"261","Ocimum basilicum L.","SG",2023
"262","Ocimum basilicum L.","PG",1979
"263","Ocimum basilicum L.","EC",2020
"264","Ocimum basilicum L.","EC",2017
"265","Ocimum basilicum L.","EC",2015
"266","Ocimum basilicum L.","EC",2009
"267","Ocimum basilicum L.","US",1964
"268","Ocimum basilicum L.","MX",2023
"269","Ocimum basilicum L.","NZ",2023
"270","Ocimum basilicum L.","GN",2011
"271","Ocimum basilicum L.","TG",1985
"272","Ocimum basilicum L.","CM",1975
"273","Ocimum basilicum L.","CM",1963
"274","Ocimum basilicum L.","CM",1975
"275","Ocimum basilicum L.","CM",1977
"276","Ocimum basilicum L.","CM",1966
"277","Ocimum basilicum L.","BJ",1999
"278","Ocimum basilicum L.","BJ",2003
"279","Ocimum basilicum L.","TG",1983
"280","Ocimum basilicum L.","TG",1978
"281","Ocimum basilicum L.","TG",1986
"282","Ocimum basilicum L.","CM",1978
"283","Ocimum basilicum L.","CM",1977
"284","Ocimum basilicum L.","CM",1963
"285","Ocimum basilicum L.","CM",1964
"286","Ocimum basilicum L.","CM",1975
"287","Ocimum basilicum L.","CM",1964
"288","Ocimum basilicum L.","CM",1977
"289","Ocimum basilicum L.","CM",1975
"290","Ocimum basilicum L.","CM",1984
"291","Ocimum basilicum L.","CM",1964
"292","Ocimum basilicum L.","CM",1975
"293","Ocimum basilicum L.","MX",1934
"294","Ocimum basilicum L.","UG",2003
"295","Ocimum basilicum L.","TZ",2001
"296","Ocimum basilicum L.","MX",2007
"297","Ocimum basilicum L.","US",2015
"298","Ocimum basilicum L.","TZ",1999
"299","Ocimum basilicum L.","US",1998
"300","Ocimum basilicum L.","US",1999
"301","Ocimum basilicum L.","BO",1994
"302","Ocimum basilicum L.","GT",1985
"303","Ocimum basilicum L.","US",2019
"304","Ocimum basilicum L.","CO",1992
"305","Ocimum basilicum L.","NI",1869
"306","Ocimum basilicum L.","UG",1997
"307","Ocimum basilicum L.","US",1999
"308","Ocimum basilicum L.","GE",1998
"309","Ocimum basilicum L.","TZ",1996
"310","Ocimum basilicum L.","IN",2022
"311","Ocimum basilicum L.","IN",2022
"312","Ocimum basilicum L.","IN",2022
"313","Ocimum basilicum L.","NL",2022
"314","Ocimum basilicum L.","US",1938
"315","Ocimum basilicum L.","JP",1913
"316","Ocimum basilicum L.","JP",1921
"317","Ocimum basilicum L.","JP",1955
"318","Ocimum basilicum L.","EC",2004
"319","Ocimum basilicum L.","EC",2005
"320","Ocimum basilicum L.","CO",2019
"321","Ocimum basilicum L.","MX",2023
"322","Ocimum basilicum L.","CN",1943
"323","Ocimum basilicum L.","CN",1959
"324","Ocimum basilicum L.","CN",1978
"325","Ocimum basilicum L.","CN",1935
"326","Ocimum basilicum L.","CN",1964
"327","Ocimum basilicum L.","CN",1958
"328","Ocimum minimum L.","CN",1956
"329","Ocimum basilicum L.","CN",1958
"330","Ocimum basilicum L.","CN",1935
"331","Ocimum basilicum L.","CN",1962
"332","Ocimum basilicum L.","CN",1959
"333","Ocimum basilicum L.","CN",1963
"334","Ocimum basilicum L.","CN",1958
"335","Ocimum basilicum L.","CN",1959
"336","Ocimum basilicum L.","CN",2014
"337","Ocimum basilicum L.","CN",1958
"338","Ocimum basilicum L.","CN",1959
"339","Ocimum basilicum L.","CN",1972
"340","Ocimum basilicum L.","CN",1959
"341","Ocimum basilicum L.","CN",1958
"342","Ocimum basilicum L.","CN",1959
"343","Ocimum basilicum L.","CN",1959
"344","Ocimum basilicum L.","CN",1963
"345","Ocimum basilicum L.","CN",1958
"346","Ocimum basilicum L.","CN",1985
"347","Ocimum basilicum L.","CN",1972
"348","Ocimum basilicum L.","CN",1920
"349","Ocimum basilicum L.","CN",1956
"350","Ocimum basilicum L.","CN",1975
"351","Ocimum basilicum L.","CN",2012
"352","Ocimum basilicum L.","CN",1934
"353","Ocimum minimum L.","CN",1951
"354","Ocimum basilicum L.","CN",1976
"355","Ocimum basilicum L.","CN",1958
"356","Ocimum basilicum L.","CN",1934
"357","Ocimum basilicum L.","CN",1978
"358","Ocimum basilicum L.","CN",1975
"359","Ocimum basilicum L.","CN",1955
"360","Ocimum basilicum L.","CN",1972
"361","Ocimum basilicum L.","CN",1930
"362","Ocimum basilicum L.","CN",1964
"363","Ocimum basilicum L.","CN",1958
"364","Ocimum basilicum L.","CN",1960
"365","Ocimum basilicum L.","CN",1963
"366","Ocimum basilicum L.","CN",1953
"367","Ocimum basilicum L.","CN",1915
"368","Ocimum basilicum L.","CN",1960
"369","Ocimum basilicum L.","CN",1958
"370","Ocimum basilicum L.","CN",1954
"371","Ocimum basilicum L.","CN",1960
"372","Ocimum basilicum L.","CN",1959
"373","Ocimum basilicum L.","CN",1958
"374","Ocimum basilicum L.","CN",1963
"375","Ocimum basilicum L.","CN",1958
"376","Ocimum basilicum L.","CN",1955
"377","Ocimum basilicum L.","CN",1998
"378","Ocimum basilicum L.","CN",1951
"379","Ocimum basilicum L.","CN",1987
"380","Ocimum basilicum L.","CN",1958
"381","Ocimum basilicum L.","CN",1958
"382","Ocimum basilicum L.","CN",1958
"383","Ocimum basilicum L.","CN",1959
"384","Ocimum basilicum L.","CN",1976
"385","Ocimum basilicum L.","CN",1959
"386","Ocimum basilicum L.","CN",1959
"387","Ocimum basilicum L.","CN",1959
"388","Ocimum basilicum L.","CN",1959
"389","Ocimum basilicum L.","CN",1959
"390","Ocimum basilicum L.","CN",1959
"391","Ocimum basilicum L.","CN",1976
"392","Ocimum basilicum L.","CN",1970
"393","Ocimum basilicum L.","CN",1959
"394","Ocimum basilicum L.","CN",1978
"395","Ocimum basilicum L.","CN",1978
"396","Ocimum basilicum L.","CN",1963
"397","Ocimum basilicum L.","CN",1958
"398","Ocimum basilicum L.","CN",1956
"399","Ocimum basilicum L.","CN",1926
"400","Ocimum basilicum L.","CN",1934
"401","Ocimum basilicum L.","CN",1972
"402","Ocimum basilicum L.","CN",1964
"403","Ocimum basilicum L.","CN",1930
"404","Ocimum basilicum L.","CN",1975
"405","Ocimum basilicum L.","CN",1960
"406","Ocimum basilicum L.","CN",1975
"407","Ocimum basilicum L.","CN",1965
"408","Ocimum basilicum L.","CN",1974
"409","Ocimum basilicum L.","CN",1956
"410","Ocimum basilicum L.","CN",1963
"411","Ocimum basilicum L.","CN",1957
"412","Ocimum basilicum L.","CN",1955
"413","Ocimum basilicum L.","CN",1959
"414","Ocimum basilicum L.","CN",1964
"415","Ocimum basilicum L.","CN",1958
"416","Ocimum basilicum L.","CN",1935
"417","Ocimum basilicum L.","CN",1930
"418","Ocimum basilicum L.","CN",1932
"419","Ocimum basilicum L.","CN",1958
"420","Ocimum basilicum L.","CN",1964
"421","Ocimum basilicum L.","CN",1958
"422","Ocimum basilicum L.","CN",1960
"423","Ocimum basilicum L.","CN",1954
"424","Ocimum basilicum L.","CN",1959
"425","Ocimum basilicum L.","CN",1956
"426","Ocimum basilicum L.","CN",1958
"427","Ocimum basilicum L.","CN",1926
"428","Ocimum basilicum L.","CM",1977
"429","Ocimum basilicum L.","CM",1977
"430","Ocimum basilicum L.","LA",2013
"431","Ocimum basilicum L.","CM",1976
"432","Ocimum basilicum L.","CM",1975
"433","Ocimum basilicum L.","CM",1977
"434","Ocimum basilicum L.","MX",2022
"435","Ocimum basilicum L.","TW",2021
"436","Ocimum basilicum L.","PT",2020
"437","Ocimum basilicum L.","PT",2020
"438","Ocimum basilicum L.","PT",2020
"439","Ocimum basilicum L.","US",2021
"440","Ocimum basilicum L.","BR",2022
"441","Ocimum basilicum L.","IN",1963
"442","Ocimum basilicum L.","IN",1981
"443","Ocimum basilicum L.","IN",1997
"444","Ocimum basilicum L.","NI",2014
"445","Ocimum basilicum L.","NI",2008
"446","Ocimum basilicum L.","US",2013
"447","Ocimum basilicum L.","US",2013
"448","Ocimum basilicum L.","IN",1974
"449","Ocimum basilicum L.","IN",1974
"450","Ocimum basilicum L.","IN",1974
"451","Ocimum basilicum L.","IN",1974
"452","Ocimum basilicum L.","IN",1969
"453","Ocimum basilicum L.","IN",1963
"454","Ocimum basilicum L.","IN",1963
"455","Ocimum basilicum L.","IN",1961
"456","Ocimum basilicum var. thyrsiflorum (L.) Benth.","IN",1968
"457","Ocimum basilicum L.","IN",1968
"458","Ocimum basilicum L.","IN",1962
"459","Ocimum basilicum L.","IN",1961
"460","Ocimum basilicum L.","IN",1962
"461","Ocimum basilicum L.","IN",2017
"462","Ocimum basilicum L.","IN",2017
"463","Ocimum basilicum L.","IN",2017
"464","Ocimum basilicum L.","IN",1977
"465","Ocimum basilicum L.","IN",2001
"466","Ocimum basilicum L.","IN",1958
"467","Ocimum basilicum L.","IN",1957
"468","Ocimum basilicum var. thyrsiflorum (L.) Benth.","IN",1976
"469","Ocimum basilicum L.","IN",2001
"470","Ocimum basilicum L.","IN",1957
"471","Ocimum basilicum L.","IN",1961
"472","Ocimum basilicum L.","IN",1957
"473","Ocimum basilicum L.","IN",1958
"474","Ocimum basilicum L.","IN",1960
"475","Ocimum basilicum L.","IN",1990
"476","Ocimum basilicum L.","IN",1977
"477","Ocimum basilicum L.","IN",1989
"478","Ocimum basilicum L.","BR",2015
"479","Ocimum basilicum L.","US",2023
"480","Ocimum basilicum L.","BR",2023
"481","Ocimum basilicum L.","MX",2022
"482","Ocimum basilicum L.","MX",2023
"483","Ocimum basilicum L.","PG",1981
"484","Ocimum basilicum L.","PG",1980
"485","Ocimum basilicum L.","PG",1969
"486","Ocimum basilicum L.","PG",1899
"487","Ocimum basilicum L.","PG",1918
"488","Ocimum basilicum L.","PG",1918
"489","Ocimum basilicum L.","PG",1968
"490","Ocimum basilicum L.","PG",1970
"491","Ocimum basilicum L.","US",2023
"492","Ocimum basilicum L.","CH",2022
"493","Ocimum basilicum L.","CH",2022
"494","Ocimum basilicum L.","BR",2022
"495","Ocimum basilicum L.","RU",2022
"496","Ocimum basilicum L.","US",2022
"497","Ocimum basilicum L.","PT",2020
"498","Ocimum basilicum L.","NG",2004
"499","Ocimum basilicum L.","KE",2022
"500","Ocimum basilicum L.","PR",2022
"501","Ocimum basilicum L.","MX",2022
"502","Ocimum basilicum L.","MQ",2022
"503","Ocimum basilicum L.","US",2022
"504","Ocimum basilicum L.","TT",2022
"505","Ocimum basilicum L.","SN",2022
"506","Ocimum basilicum L.","RO",2022
"507","Ocimum basilicum L.","BR",2022
"508","Ocimum basilicum L.","ES",2022
"509","Ocimum basilicum L.","US",2022
"510","Ocimum basilicum L.","US",2022
"511","Ocimum basilicum L.","ES",2022
"512","Ocimum basilicum L.","MY",2022
"513","Ocimum basilicum L.","BR",2022
"514","Ocimum basilicum L.","BR",2021
"515","Ocimum basilicum L.","NL",2022
"516","Ocimum basilicum L.","NL",2022
"517","Ocimum basilicum L.","SC",1981
"518","Ocimum basilicum L.","SC",2020
"519","Ocimum basilicum L.","PT",2020
"520","Ocimum basilicum L.","US",2016
"521","Ocimum basilicum var. purpurascens Benth.","IN",2012
"522","Ocimum basilicum L.","MX",2022
"523","Ocimum basilicum L.","PT",2020
"524","Ocimum basilicum L.","BE",2022
"525","Ocimum basilicum L.","PH",2021
"526","Ocimum basilicum L.","US",2020
"527","Ocimum basilicum L.","US",2020
"528","Ocimum basilicum L.","ZW",2022
"529","Ocimum basilicum L.","GH",2021
"530","Ocimum basilicum L.","CO",2021
"531","Ocimum basilicum L.","AU",2022
"532","Ocimum basilicum L.","ES",2020
"533","Ocimum basilicum L.","TW",2020
"534","Ocimum basilicum L.","CO",2020
"535","Ocimum basilicum L.","BS",2020
"536","Ocimum basilicum L.","SN",2020
"537","Ocimum basilicum L.","BR",2021
"538","Ocimum basilicum L.","PR",2022
"539","Ocimum basilicum L.","BR",2020
"540","Ocimum basilicum L.","BR",2020
"541","Ocimum basilicum L.","CO",2021
"542","Ocimum basilicum L.","BR",2022
"543","Ocimum basilicum L.","GR",2021
"544","Ocimum basilicum L.","BR",2021
"545","Ocimum basilicum L.","BR",2021
"546","Ocimum basilicum L.","GT",2020
"547","Ocimum basilicum L.","SX",2020
"548","Ocimum basilicum L.","ZA",2019
"549","Ocimum basilicum L.","BR",2021
"550","Ocimum basilicum L.","MG",2021
"551","Ocimum basilicum L.","IN",2020
"552","Ocimum basilicum L.","BR",2020
"553","Ocimum basilicum L.","NG",2021
"554","Ocimum basilicum L.","IN",2019
"555","Ocimum basilicum L.","BR",2021
"556","Ocimum basilicum L.","EC",2021
"557","Ocimum basilicum L.","MX",2020
"558","Ocimum basilicum L.","GP",2022
"559","Ocimum basilicum L.","TW",2020
"560","Ocimum basilicum L.","MQ",2020
"561","Ocimum basilicum L.","US",2022
"562","Ocimum basilicum L.","BR",2018
"563","Ocimum basilicum L.","BR",2018
"564","Ocimum basilicum L.","US",2021
"565","Ocimum basilicum L.","CO",2022
"566","Ocimum basilicum L.","BR",2019
"567","Ocimum basilicum L.","GR",2022
"568","Ocimum basilicum L.","IN",2022
"569","Ocimum basilicum L.","AO",2022
"570","Ocimum basilicum L.","BR",2021
"571","Ocimum basilicum L.","US",2020
"572","Ocimum basilicum L.","GR",2021
"573","Ocimum basilicum L.","BR",2018
"574","Ocimum basilicum L.","BR",2020
"575","Ocimum basilicum L.","GR",2021
"576","Ocimum basilicum L.","KZ",2021
"577","Ocimum basilicum L.","BR",2021
"578","Ocimum basilicum L.","VE",2020
"579","Ocimum basilicum L.","GR",2021
"580","Ocimum basilicum L.","BR",2021
"581","Ocimum basilicum L.","BR",2022
"582","Ocimum basilicum L.","VE",2021
"583","Ocimum basilicum L.","PH",2022
"584","Ocimum basilicum L.","BR",2017
"585","Ocimum basilicum L.","PH",2020
"586","Ocimum basilicum L.","CO",2020
"587","Ocimum basilicum L.","BR",2021
"588","Ocimum basilicum L.","BR",2021
"589","Ocimum basilicum L.","MQ",2020
"590","Ocimum basilicum L.","IN",2020
"591","Ocimum basilicum L.","LK",2022
"592","Ocimum basilicum L.","US",2022
"593","Ocimum basilicum L.","BR",2020
"594","Ocimum basilicum L.","MX",2021
"595","Ocimum basilicum L.","CR",2021
"596","Ocimum basilicum L.","ES",2020
"597","Ocimum basilicum L.","US",2020
"598","Ocimum basilicum L.","BR",2021
"599","Ocimum basilicum L.","ES",2020
"600","Ocimum basilicum L.","ZA",2021
"601","Ocimum basilicum L.","VE",2021
"602","Ocimum basilicum L.","MQ",2021
"603","Ocimum basilicum L.","US",2020
"604","Ocimum basilicum L.","MZ",2020
"605","Ocimum basilicum L.","BR",2021
"606","Ocimum basilicum L.","PH",2021
"607","Ocimum basilicum L.","BR",2018
"608","Ocimum basilicum L.","EC",2018
"609","Ocimum basilicum L.","AU",2020
"610","Ocimum basilicum L.","MX",2021
"611","Ocimum basilicum L.","SN",2020
"612","Ocimum basilicum L.","BR",2022
"613","Ocimum basilicum L.","US",2021
"614","Ocimum basilicum L.","BR",2020
"615","Ocimum basilicum L.","GP",2020
"616","Ocimum basilicum L.","BR",2020
"617","Ocimum basilicum L.","HK",2020
"618","Ocimum basilicum L.","BR",2020
"619","Ocimum basilicum L.","ES",2020
"620","Ocimum basilicum L.","BR",2020
"621","Ocimum basilicum L.","US",2020
"622","Ocimum basilicum L.","BR",2022
"623","Ocimum basilicum L.","PF",2021
"624","Ocimum basilicum L.","EC",2021
"625","Ocimum basilicum L.","BR",2020
"626","Ocimum basilicum L.","MX",2019
"627","Ocimum basilicum L.","IN",2020
"628","Ocimum basilicum L.","RU",2021
"629","Ocimum basilicum L.","BR",2018
"630","Ocimum basilicum L.","BR",2018
"631","Ocimum basilicum L.","IN",2018
"632","Ocimum basilicum L.","US",2016
"633","Ocimum basilicum L.","ID",2022
"634","Ocimum basilicum L.","IN",2022
"635","Ocimum basilicum L.","BR",2021
"636","Ocimum basilicum L.","GP",2021
"637","Ocimum basilicum L.","BR",2022
"638","Ocimum basilicum L.","BR",2022
"639","Ocimum basilicum L.","PA",2021
"640","Ocimum basilicum L.","NG",2021
"641","Ocimum basilicum L.","UA",2021
"642","Ocimum basilicum L.","IN",2021
"643","Ocimum basilicum L.","MY",2021
"644","Ocimum basilicum L.","VE",2022
"645","Ocimum basilicum L.","MX",2020
"646","Ocimum basilicum L.","MX",2021
"647","Ocimum basilicum L.","MX",2021
"648","Ocimum basilicum L.","BR",2021
"649","Ocimum basilicum L.","MX",2021
"650","Ocimum basilicum L.","IN",2020
"651","Ocimum basilicum L.","CG",2020
"652","Ocimum basilicum L.","BR",2021
"653","Ocimum basilicum L.","BR",2021
"654","Ocimum basilicum L.","BR",2021
"655","Ocimum basilicum L.","KH",2021
"656","Ocimum basilicum L.","ID",2021
"657","Ocimum basilicum L.","IN",2021
"658","Ocimum basilicum L.","US",2021
"659","Ocimum basilicum L.","TH",2021
"660","Ocimum basilicum L.","IN",2021
"661","Ocimum basilicum L.","EC",2021
"662","Ocimum basilicum L.","IN",2021
"663","Ocimum basilicum L.","IN",2021
"664","Ocimum basilicum L.","LA",2021
"665","Ocimum basilicum L.","PR",2021
"666","Ocimum basilicum L.","LK",2020
"667","Ocimum basilicum L.","BR",2021
"668","Ocimum basilicum L.","TH",2020
"669","Ocimum basilicum L.","BR",2020
"670","Ocimum basilicum L.","PF",2020
"671","Ocimum basilicum L.","MX",2020
"672","Ocimum basilicum L.","ID",2020
"673","Ocimum basilicum L.","PF",2020
"674","Ocimum basilicum L.","GP",2020
"675","Ocimum basilicum L.","PH",2020
"676","Ocimum basilicum L.","TT",2019
"677","Ocimum basilicum L.","GR",2019
"678","Ocimum basilicum L.","BR",2021
"679","Ocimum basilicum L.","BR",2022
"680","Ocimum basilicum L.","MX",2022
"681","Ocimum basilicum L.","JM",2022
"682","Ocimum basilicum L.","IQ",2022
"683","Ocimum basilicum L.","FR",1995
"684","Ocimum basilicum L.","FR",1961
"685","Ocimum basilicum L.","FR",1963
"686","Ocimum basilicum L.","NG",2005
"687","Ocimum basilicum L.","SV",1986
"688","Ocimum basilicum L.","US",2021
"689","Ocimum basilicum L.","US",2021
"690","Ocimum basilicum L.","CO",2022
"691","Ocimum basilicum L.","BR",2022
"692","Ocimum basilicum L.","BR",2022
"693","Ocimum basilicum L.","IT",2021
"694","Ocimum basilicum L.","IT",2021
"695","Ocimum basilicum L.","IT",2021
"696","Ocimum basilicum L.","TH",2022
"697","Ocimum basilicum L.","RO",2022
"698","Ocimum basilicum L.","MS",2022
"699","Ocimum basilicum L.","MX",2021
"700","Ocimum basilicum L.","BR",2006
"701","Ocimum basilicum L.","BR",2006
"702","Ocimum basilicum L.","BR",2006
"703","Ocimum basilicum L.","SE",2022
"704","Ocimum basilicum L.","BR",2021
"705","Ocimum basilicum L.","BR",2018
"706","Ocimum basilicum L.","CO",2019
"707","Ocimum basilicum L.","SE",2022
"708","Ocimum basilicum L.","MX",2022
"709","Ocimum basilicum L.","AT",2018
"710","Ocimum basilicum L.","AT",2018
"711","Ocimum basilicum L.","TW",2018
"712","Ocimum basilicum L.","MY",2022
"713","Ocimum basilicum L.","MX",2022
"714","Ocimum basilicum L.","MX",2020
"715","Ocimum basilicum L.","EC",2007
"716","Ocimum basilicum L.","EC",2006
"717","Ocimum basilicum L.","EC",1991
"718","Ocimum basilicum L.","EC",2005
"719","Ocimum basilicum L.","EC",2002
"720","Ocimum basilicum L.","EC",1995
"721","Ocimum basilicum L.","ES",1982
"722","Ocimum basilicum L.","ES",1990
"723","Ocimum basilicum L.","FR",2018
"724","Ocimum basilicum L.","FR",2018
"725","Ocimum basilicum L.","RE",2016
"726","Ocimum basilicum L.","AT",2021
"727","Ocimum basilicum L.","EG",2010
"728","Ocimum basilicum L.","NG",2011
"729","Ocimum basilicum L.","NG",2012
"730","Ocimum basilicum L.","NG",2011
"731","Ocimum basilicum L.","NG",2010
"732","Ocimum basilicum L.","NG",2010
"733","Ocimum basilicum L.","NG",2010
"734","Ocimum basilicum L.","NG",2013
"735","Ocimum basilicum L.","BQ",1953
"736","Ocimum basilicum L.","CM",1977
"737","Ocimum basilicum L.","TW",2008
"738","Ocimum basilicum L.","TW",2008
"739","Ocimum basilicum L.","TW",2013
"740","Ocimum basilicum L.","TW",2008
"741","Ocimum basilicum L.","TW",2012
"742","Ocimum basilicum L.","TW",2013
"743","Ocimum basilicum L.","TW",2013
"744","Ocimum basilicum L.","TW",2008
"745","Ocimum basilicum L.","TW",2012
"746","Ocimum basilicum L.","TW",2012
"747","Ocimum basilicum L.","TW",2013
"748","Ocimum basilicum L.","TW",2008
"749","Ocimum basilicum L.","TW",2008
"750","Ocimum basilicum L.","TW",2012
"751","Ocimum basilicum L.","TW",2008
"752","Ocimum basilicum L.","TW",2013
"753","Ocimum basilicum L.","NZ",2022
"754","Ocimum basilicum L.","PF",1988
"755","Ocimum basilicum L.","UM",1999
"756","Ocimum basilicum L.","UM",1999
"757","Ocimum basilicum L.","SE",2003
"758","Ocimum basilicum L.","BR",2022
"759","Ocimum basilicum L.","GT",2019
"760","Ocimum basilicum L.","BR",2013
"761","Ocimum basilicum L.","NZ",2022
"762","Ocimum basilicum L.","GB",2009
"763","Ocimum basilicum L.","GB",2006
"764","Ocimum basilicum L.","GB",2006
"765","Ocimum basilicum L.","GB",2006
"766","Ocimum basilicum L.","GB",2006
"767","Ocimum basilicum L.","GB",2008
"768","Ocimum basilicum L.","GB",2006
"769","Ocimum basilicum L.","GB",2006
"770","Ocimum basilicum L.","GB",2006
"771","Ocimum basilicum L.","GB",2006
"772","Ocimum basilicum L.","MX",1988
"773","Ocimum basilicum L.","MX",1984
"774","Ocimum basilicum L.","MX",1981
"775","Ocimum basilicum L.","MX",1980
"776","Ocimum basilicum L.","MY",2022
"777","Ocimum basilicum L.","BR",2008
"778","Ocimum basilicum L.","BR",1986
"779","Ocimum basilicum L.","BR",2006
"780","Ocimum basilicum L.","SR",2006
"781","Ocimum basilicum L.","BR",2018
"782","Ocimum basilicum L.","FR",2017
"783","Ocimum basilicum L.","FR",1983
"784","Ocimum basilicum L.","CD",1976
"785","Ocimum basilicum L.","CD",1976
"786","Ocimum basilicum L.","CD",1976
"787","Ocimum basilicum L.","TD",1985
"788","Ocimum basilicum L.","CD",1976
"789","Ocimum basilicum L.","CD",1976
"790","Ocimum basilicum L.","TD",1984
"791","Ocimum basilicum L.","CD",1976
"792","Ocimum basilicum L.","CD",1975
"793","Ocimum basilicum L.","CD",1980
"794","Ocimum basilicum L.","TD",1985
"795","Ocimum basilicum L.","CD",1980
"796","Ocimum basilicum L.","AU",1997
"797","Ocimum basilicum L.","AU",1997
"798","Ocimum basilicum L.","AU",1997
"799","Ocimum basilicum L.","AU",1987
"800","Ocimum basilicum L.","AU",1943
"801","Ocimum basilicum L.","AU",1997
"802","Ocimum basilicum L.","AU",1987
"803","Ocimum basilicum L.","TZ",1998
"804","Ocimum basilicum L.","TZ",1971
"805","Ocimum basilicum L.","TZ",1953
"806","Ocimum basilicum L.","TZ",1971
"807","Ocimum basilicum L.","TZ",1971
"808","Ocimum basilicum L.","MX",2021
"809","Ocimum basilicum L.","MX",2021
"810","Ocimum basilicum L.","IN",2021
"811","Ocimum basilicum L.","MX",2021
"812","Ocimum basilicum L.","EG",2022
"813","Ocimum basilicum L.","TH",2022
"814","Ocimum basilicum L.","MX",2021
"815","Ocimum basilicum L.","MZ",2021
"816","Ocimum basilicum L.","BY",2021
"817","Ocimum basilicum L.","SE",2021
"818","Ocimum basilicum L.","SE",2021
"819","Ocimum basilicum L.","SE",2021
"820","Ocimum basilicum L.","SE",2021
"821","Ocimum basilicum L.","SE",2021
"822","Ocimum basilicum L.","SE",2005
"823","Ocimum basilicum L.","SE",2005
"824","Ocimum basilicum L.","BR",2021
"825","Ocimum basilicum L.","HK",2021
"826","Ocimum basilicum L.","HK",2021
"827","Ocimum basilicum L.","BR",2016
"828","Ocimum basilicum L.","BR",2021
"829","Ocimum basilicum L.","IN",2021
"830","Ocimum basilicum L.","BR",2017
"831","Ocimum basilicum L.","BR",2014
"832","Ocimum basilicum L.","BR",2018
"833","Ocimum basilicum L.","BR",2014
"834","Ocimum basilicum L.","GR",2020
"835","Ocimum basilicum L.","DE",2021
"836","Ocimum basilicum L.","IN",2021
"837","Ocimum basilicum L.","TH",2021
"838","Ocimum basilicum L.","MX",2021
"839","Ocimum basilicum L.","MX",2021
"840","Ocimum basilicum L.","BR",2019
"841","Ocimum basilicum L.","BR",2019
"842","Ocimum basilicum L.","NO",2021
"843","Ocimum basilicum L.","NI",2009
"844","Ocimum basilicum L.","BE",2021
"845","Ocimum basilicum L.","RU",2018
"846","Ocimum basilicum L.","EG",2010
"847","Ocimum basilicum L.","EG",2010
"848","Ocimum basilicum L.","IN",2012
"849","Ocimum basilicum L.","PK",2013
"850","Ocimum basilicum L.","PK",2013
"851","Ocimum basilicum L.","PK",2013
"852","Ocimum basilicum L.","PK",2013
"853","Ocimum basilicum L.","EG",2010
"854","Ocimum basilicum L.","IT",2019
"855","Ocimum basilicum L.","BR",2020
"856","Ocimum basilicum L.","BR",2020
"857","Ocimum basilicum L.","BR",1999
"858","Ocimum basilicum L.","BR",2019
"859","Ocimum basilicum L.","US",1925
"860","Ocimum basilicum L.","US",1925
"861","Ocimum basilicum L.","NA",2021
"862","Ocimum basilicum L.","NO",2021
"863","Ocimum basilicum L.","IN",2021
"864","Ocimum basilicum L.","MX",2021
"865","Ocimum minimum L.","BR",2021
"866","Ocimum basilicum L.","MX",2021
"867","Ocimum basilicum L.","US",2016
"868","Ocimum basilicum L.","US",2015
"869","Ocimum basilicum L.","US",2015
"870","Ocimum basilicum L.","US",2015
"871","Ocimum basilicum L.","US",2011
"872","Ocimum basilicum L.","US",2011
"873","Ocimum basilicum L.","US",2015
"874","Ocimum basilicum L.","US",2015
"875","Ocimum basilicum L.","US",2014
"876","Ocimum basilicum L.","US",2015
"877","Ocimum basilicum L.","US",2015
"878","Ocimum basilicum L.","MX",2020
"879","Ocimum basilicum L.","MX",2021
"880","Ocimum basilicum L.","BJ",2019
"881","Ocimum basilicum L.","IT",2004
"882","Ocimum basilicum L.","IT",2004
"883","Ocimum basilicum L.","MX",2021
"884","Ocimum basilicum L.","JP",2016
"885","Ocimum basilicum L.","ES",1994
"886","Ocimum basilicum L.","ES",1994
"887","Ocimum basilicum L.","ES",1994
"888","Ocimum basilicum L.","ES",1994
"889","Ocimum basilicum L.","BJ",2018
"890","Ocimum basilicum L.","BJ",2018
"891","Ocimum basilicum L.","BJ",2018
"892","Ocimum basilicum L.","BJ",2018
"893","Ocimum basilicum L.","BJ",2018
"894","Ocimum basilicum L.","BJ",2018
"895","Ocimum basilicum L.","BJ",2018
"896","Ocimum basilicum L.","BJ",2018
"897","Ocimum basilicum L.","BJ",2018
"898","Ocimum basilicum L.","BJ",2018
"899","Ocimum basilicum L.","BJ",2018
"900","Ocimum basilicum L.","BJ",2018
"901","Ocimum basilicum L.","BJ",2018
"902","Ocimum basilicum L.","BJ",2018
"903","Ocimum basilicum L.","BJ",2018
"904","Ocimum basilicum L.","YT",2012
"905","Ocimum basilicum L.","YT",2014
"906","Ocimum basilicum L.","GP",2002
"907","Ocimum basilicum L.","YT",2014
"908","Ocimum basilicum L.","MX",2002
"909","Ocimum basilicum L.","MX",2011
"910","Ocimum basilicum L.","MX",1995
"911","Ocimum basilicum L.","MX",2002
"912","Ocimum basilicum L.","MX",2002
"913","Ocimum basilicum L.","MX",1966
"914","Ocimum basilicum L.","MX",1997
"915","Ocimum basilicum L.","MX",1996
"916","Ocimum basilicum L.","MX",1983
"917","Ocimum basilicum L.","MX",1985
"918","Ocimum basilicum L.","MX",1980
"919","Ocimum basilicum L.","MX",1984
"920","Ocimum basilicum L.","MX",1975
"921","Ocimum basilicum L.","MX",1979
"922","Ocimum basilicum L.","MX",2005
"923","Ocimum basilicum L.","MX",2011
"924","Ocimum basilicum L.","MX",2002
"925","Ocimum basilicum L.","MX",1968
"926","Ocimum basilicum L.","MX",1992
"927","Ocimum basilicum L.","MX",1988
"928","Ocimum basilicum L.","MX",1997
"929","Ocimum basilicum L.","MX",1997
"930","Ocimum basilicum L.","MX",1996
"931","Ocimum basilicum L.","MX",1997
"932","Ocimum basilicum L.","MX",1984
"933","Ocimum basilicum L.","MX",1981
"934","Ocimum basilicum L.","MX",1980
"935","Ocimum basilicum L.","MX",1993
"936","Ocimum basilicum L.","MX",1985
"937","Ocimum basilicum L.","MX",1983
"938","Ocimum basilicum L.","MX",1983
"939","Ocimum basilicum L.","MX",1985
"940","Ocimum basilicum L.","MX",2005
"941","Ocimum basilicum L.","MX",2005
"942","Ocimum basilicum L.","IN",2021
"943","Ocimum basilicum L.","KW",2020
"944","Ocimum basilicum L.","KW",2020
"945","Ocimum basilicum L.","IE",2019
"946","Ocimum basilicum L.","IN",2021
"947","Ocimum basilicum L.","TR",2020
"948","Ocimum basilicum L.","GB",2021
"949","Ocimum basilicum L.","MX",2021
"950","Ocimum basilicum L.","GB",2021
"951","Ocimum basilicum L.","KW",2020
"952","Ocimum basilicum L.","DE",2020
"953","Ocimum basilicum L.","OM",2020
"954","Ocimum basilicum L.","AE",2020
"955","Ocimum basilicum L.","SK",2021
"956","Ocimum basilicum L.","IN",2020
"957","Ocimum basilicum L.","NL",2019
"958","Ocimum basilicum L.","AE",2021
"959","Ocimum basilicum L.","TR",2021
"960","Ocimum basilicum L.","ES",2005
"961","Ocimum basilicum L.","ES",1989
"962","Ocimum basilicum L.","CZ",2002
"963","Ocimum basilicum L.","TL",2000
"964","Ocimum basilicum L.","SV",2021
"965","Ocimum basilicum L.","NZ",2021
"966","Ocimum basilicum L.","PR",2021
"967","Ocimum basilicum L.","GB",2012
"968","Ocimum basilicum L.","US",1972
"969","Ocimum basilicum L.","US",1972
"970","Ocimum basilicum L.","US",1928
"971","Ocimum basilicum L.","US",1972
"972","Ocimum basilicum L.","US",1977
"973","Ocimum basilicum L.","US",1972
"974","Ocimum basilicum L.","MY",2021
"975","Ocimum basilicum L.","PR",2021
"976","Ocimum basilicum L.","MY",2021
"977","Ocimum basilicum L.","MX",2021
"978","Ocimum basilicum L.","TW",2018
"979","Ocimum basilicum L.","TW",2018
"980","Ocimum basilicum L.","SE",2002
"981","Ocimum basilicum L.","YT",2013
"982","Ocimum basilicum L.","YT",2013
"983","Ocimum basilicum L.","YT",2014
"984","Ocimum basilicum L.","MF",2003
"985","Ocimum basilicum L.","YT",2013
"986","Ocimum basilicum L.","YT",2012
"987","Ocimum basilicum L.","MX",2020
"988","Ocimum basilicum L.","SV",2020
"989","Ocimum basilicum L.","US",1976
"990","Ocimum basilicum L.","MX",2021
"991","Ocimum basilicum L.","MX",2021
"992","Ocimum basilicum L.","SE",2004
"993","Ocimum basilicum L.","NO",2012
"994","Ocimum basilicum var. thyrsiflorum (L.) Benth.","NO",2012
"995","Ocimum basilicum L.","NO",2007
"996","Ocimum basilicum L.","NO",2013
"997","Ocimum basilicum L.","NO",2007
"998","Ocimum basilicum L.","NO",2013
"999","Ocimum basilicum L.","NO",2012
"1000","Ocimum basilicum L.","NO",2006
"1001","Ocimum basilicum L.","NO",2012
"1002","Ocimum basilicum L.","NO",2013
"1003","Ocimum basilicum L.","NO",2006
"1004","Ocimum basilicum L.","NO",2012
"1005","Ocimum basilicum L.","NO",2012
"1006","Ocimum basilicum L.","MX",2021
"1007","Ocimum basilicum L.","MX",2021
"1008","Ocimum basilicum L.","IN",2020
"1009","Ocimum basilicum L.","IN",2020
"1010","Ocimum basilicum L.","ES",2015
"1011","Ocimum basilicum L.","ES",2004
"1012","Ocimum basilicum L.","ES",2000
"1013","Ocimum basilicum L.","MX",2021
"1014","Ocimum basilicum L.","MX",2021
"1015","Ocimum basilicum L.","MX",2021
"1016","Ocimum basilicum L.","CH",2015
"1017","Ocimum basilicum L.","US",2016
"1018","Ocimum basilicum L.","PF",2010
"1019","Ocimum basilicum L.","US",2016
"1020","Ocimum basilicum L.","US",2016
"1021","Ocimum basilicum L.","EE",1989
"1022","Ocimum basilicum L.","EE",1989
"1023","Ocimum basilicum L.","EE",1989
"1024","Ocimum basilicum L.","IN",2020
"1025","Ocimum basilicum L.","IN",2020
"1026","Ocimum basilicum L.","GR",2020
"1027","Ocimum basilicum L.","TW",2021
"1028","Ocimum basilicum L.","SE",2002
"1029","Ocimum basilicum L.","EE",1971
"1030","Ocimum basilicum L.","EE",1971
"1031","Ocimum basilicum L.","EE",1970
"1032","Ocimum basilicum L.","BR",2020
"1033","Ocimum basilicum L.","BJ",2016
"1034","Ocimum basilicum L.","BJ",2016
"1035","Ocimum basilicum L.","BJ",2008
"1036","Ocimum basilicum L.","BJ",2008
"1037","Ocimum basilicum L.","BJ",2008
"1038","Ocimum basilicum L.","BJ",2008
"1039","Ocimum basilicum L.","BJ",2008
"1040","Ocimum basilicum L.","BJ",2008
"1041","Ocimum basilicum L.","BJ",2008
"1042","Ocimum basilicum L.","BJ",2008
"1043","Ocimum basilicum L.","BJ",2008
"1044","Ocimum basilicum L.","BJ",2008
"1045","Ocimum basilicum L.","BJ",2008
"1046","Ocimum basilicum L.","BJ",2008
"1047","Ocimum basilicum L.","BJ",2008
"1048","Ocimum basilicum L.","BJ",2008
"1049","Ocimum basilicum L.","BJ",2008
"1050","Ocimum basilicum L.","BJ",2008
"1051","Ocimum basilicum L.","BJ",2013
"1052","Ocimum basilicum L.","BJ",2013
"1053","Ocimum basilicum L.","BJ",2013
"1054","Ocimum basilicum L.","BJ",2013
"1055","Ocimum basilicum L.","BJ",2013
"1056","Ocimum basilicum L.","BJ",2013
"1057","Ocimum basilicum L.","BJ",2013
"1058","Ocimum basilicum L.","BJ",2013
"1059","Ocimum basilicum L.","BJ",2013
"1060","Ocimum basilicum L.","BJ",2013
"1061","Ocimum basilicum L.","BJ",2013
"1062","Ocimum basilicum L.","BJ",2013
"1063","Ocimum basilicum L.","BJ",2013
"1064","Ocimum basilicum L.","BJ",2015
"1065","Ocimum basilicum L.","BJ",2015
"1066","Ocimum basilicum L.","BJ",2015
"1067","Ocimum basilicum L.","MX",2020
"1068","Ocimum basilicum L.","BR",2016
"1069","Ocimum basilicum L.","BR",1986
"1070","Ocimum minimum L.","BR",2003
"1071","Ocimum basilicum L.","BR",1986
"1072","Ocimum basilicum L.","BR",1986
"1073","Ocimum basilicum L.","BR",2000
"1074","Ocimum basilicum L.","BR",2000
"1075","Ocimum basilicum L.","BR",2001
"1076","Ocimum basilicum L.","BR",2001
"1077","Ocimum basilicum L.","BR",2000
"1078","Ocimum basilicum L.","BR",1992
"1079","Ocimum basilicum L.","BR",1992
"1080","Ocimum basilicum L.","BR",1996
"1081","Ocimum basilicum L.","BR",2007
"1082","Ocimum basilicum L.","BR",2015
"1083","Ocimum basilicum L.","BR",1991
"1084","Ocimum basilicum L.","BR",2003
"1085","Ocimum basilicum L.","BR",2008
"1086","Ocimum basilicum L.","BR",2013
"1087","Ocimum basilicum L.","BR",2014
"1088","Ocimum basilicum L.","BR",2014
"1089","Ocimum basilicum L.","BR",2013
"1090","Ocimum basilicum L.","BR",2008
"1091","Ocimum basilicum L.","BR",1986
"1092","Ocimum basilicum L.","BR",1987
"1093","Ocimum basilicum L.","BR",1987
"1094","Ocimum basilicum L.","BR",2010
"1095","Ocimum basilicum L.","BR",2014
"1096","Ocimum basilicum L.","BR",2014
"1097","Ocimum basilicum L.","BR",2014
"1098","Ocimum basilicum L.","BR",2014
"1099","Ocimum basilicum L.","BR",2014
"1100","Ocimum basilicum L.","BR",2014
"1101","Ocimum basilicum L.","BR",1998
"1102","Ocimum basilicum L.","BR",2011
"1103","Ocimum basilicum L.","BR",2011
"1104","Ocimum basilicum L.","BR",2006
"1105","Ocimum basilicum L.","BR",2005
"1106","Ocimum basilicum L.","BR",2012
"1107","Ocimum basilicum L.","BR",2009
"1108","Ocimum basilicum L.","BR",2016
"1109","Ocimum basilicum L.","BR",1990
"1110","Ocimum basilicum L.","BR",2010
"1111","Ocimum basilicum L.","BR",2010
"1112","Ocimum basilicum L.","BR",2010
"1113","Ocimum basilicum L.","BR",2010
"1114","Ocimum basilicum L.","BR",2010
"1115","Ocimum basilicum L.","BR",1995
"1116","Ocimum basilicum L.","BR",1995
"1117","Ocimum basilicum L.","BR",1995
"1118","Ocimum basilicum L.","BR",1995
"1119","Ocimum basilicum L.","BR",1995
"1120","Ocimum basilicum L.","TH",2018
"1121","Ocimum basilicum L.","HK",2020
"1122","Ocimum basilicum L.","MX",2020
"1123","Ocimum basilicum L.","HK",2020
"1124","Ocimum basilicum L.","CO",2014
"1125","Ocimum basilicum L.","CO",2014
"1126","Ocimum basilicum L.","ES",1980
"1127","Ocimum basilicum L.","MX",2020
"1128","Ocimum basilicum L.","BR",2020
"1129","Ocimum basilicum L.","EC",2020
"1130","Ocimum basilicum L.","IN",2020
"1131","Ocimum basilicum L.","IN",2020
"1132","Ocimum basilicum L.","PR",2020
"1133","Ocimum basilicum L.","BR",2020
"1134","Ocimum basilicum L.","IN",2020
"1135","Ocimum basilicum L.","MQ",2020
"1136","Ocimum basilicum L.","IT",1830
"1137","Ocimum basilicum L.","IT",1906
"1138","Ocimum basilicum L.","MX",2020
"1139","Ocimum basilicum L.","BE",2020
"1140","Ocimum basilicum L.","MX",2020
"1141","Ocimum basilicum L.","MX",2020
"1142","Ocimum basilicum L.","MX",2020
"1143","Ocimum basilicum L.","NI",1930
"1144","Ocimum basilicum L.","NI",1926
"1145","Ocimum basilicum L.","CH",2018
"1146","Ocimum basilicum L.","CH",1996
"1147","Ocimum basilicum L.","CH",1902
"1148","Ocimum basilicum L.","CH",2012
"1149","Ocimum basilicum L.","CH",2002
"1150","Ocimum basilicum L.","CH",1991
"1151","Ocimum basilicum L.","CH",1996
"1152","Ocimum basilicum L.","CH",1987
"1153","Ocimum basilicum L.","BE",2020
"1154","Ocimum basilicum L.","MX",2020
"1155","Ocimum basilicum L.","DE",2020
"1156","Ocimum basilicum L.","GH",2020
"1157","Ocimum basilicum L.","PK",2020
"1158","Ocimum basilicum L.","US",1990
"1159","Ocimum minimum L.","US",1922
"1160","Ocimum basilicum L.","US",1874
"1161","Ocimum basilicum L.","JM",1847
"1162","Ocimum basilicum L.","US",1889
"1163","Ocimum minimum L.","US",1968
"1164","Ocimum basilicum L.","US",1968
"1165","Ocimum basilicum L.","US",1997
"1166","Ocimum basilicum L.","US",1991
"1167","Ocimum basilicum L.","US",1992
"1168","Ocimum basilicum L.","US",1884
"1169","Ocimum basilicum L.","US",1989
"1170","Ocimum minimum L.","US",1968
"1171","Ocimum basilicum L.","SE",2020
"1172","Ocimum basilicum L.","AU",1989
"1173","Ocimum basilicum L.","AU",2008
"1174","Ocimum basilicum L.","AU",1999
"1175","Ocimum basilicum L.","AU",2004
"1176","Ocimum basilicum L.","AU",1993
"1177","Ocimum basilicum L.","AU",1996
"1178","Ocimum basilicum L.","AU",1996
"1179","Ocimum basilicum L.","CX",2000
"1180","Ocimum basilicum L.","AU",2009
"1181","Ocimum basilicum L.","NL",2019
"1182","Ocimum basilicum L.","NL",2018
"1183","Ocimum basilicum L.","NL",2019
"1184","Ocimum basilicum L.","AU",1996
"1185","Ocimum basilicum L.","AU",1996
"1186","Ocimum basilicum L.","AU",1996
"1187","Ocimum basilicum L.","CX",2000
"1188","Ocimum basilicum L.","AU",1975
"1189","Ocimum basilicum L.","AU",1993
"1190","Ocimum basilicum L.","AU",2014
"1191","Ocimum basilicum L.","AU",1993
"1192","Ocimum basilicum L.","AU",1995
"1193","Ocimum basilicum L.","AU",1996
"1194","Ocimum basilicum L.","AU",1997
"1195","Ocimum basilicum L.","AU",2008
"1196","Ocimum basilicum L.","AU",1963
"1197","Ocimum basilicum L.","AU",2008
"1198","Ocimum basilicum L.","AU",2019
"1199","Ocimum basilicum L.","CX",2000
"1200","Ocimum basilicum L.","AU",2013
"1201","Ocimum basilicum L.","AU",2006
"1202","Ocimum basilicum L.","AU",1996
"1203","Ocimum basilicum L.","PG",1980
"1204","Ocimum basilicum L.","AU",2017
"1205","Ocimum basilicum L.","AU",2006
"1206","Ocimum basilicum L.","AU",1999
"1207","Ocimum basilicum L.","ES",2019
"1208","Ocimum basilicum L.","MX",2020
"1209","Ocimum basilicum L.","CO",2005
"1210","Ocimum basilicum L.","ES",1981
"1211","Ocimum basilicum L.","ES",2004
"1212","Ocimum basilicum L.","DE",1992
"1213","Ocimum basilicum L.","MX",1984
"1214","Ocimum basilicum L.","AU",2018
"1215","Ocimum basilicum L.","BE",2020
"1216","Ocimum basilicum L.","BO",2001
"1217","Ocimum basilicum L.","PK",2020
"1218","Ocimum basilicum L.","FR",1983
"1219","Ocimum basilicum L.","BR",2019
"1220","Ocimum basilicum L.","ZA",2019
"1221","Ocimum basilicum L.","MX",2019
"1222","Ocimum basilicum L.","MX",2019
"1223","Ocimum basilicum L.","BR",2019
"1224","Ocimum basilicum L.","BR",2018
"1225","Ocimum basilicum L.","ID",2019
"1226","Ocimum basilicum L.","BR",2020
"1227","Ocimum basilicum L.","CO",2020
"1228","Ocimum basilicum L.","IN",2019
"1229","Ocimum basilicum L.","IN",2019
"1230","Ocimum basilicum L.","BR",2019
"1231","Ocimum basilicum L.","MX",2020
"1232","Ocimum basilicum L.","BR",2020
"1233","Ocimum basilicum L.","MX",2019
"1234","Ocimum basilicum L.","GP",2018
"1235","Ocimum basilicum L.","BR",2019
"1236","Ocimum basilicum L.","BR",2018
"1237","Ocimum basilicum L.","BR",2019
"1238","Ocimum basilicum L.","IN",2016
"1239","Ocimum basilicum L.","US",2018
"1240","Ocimum basilicum L.","ID",2020
"1241","Ocimum basilicum L.","BR",2020
"1242","Ocimum basilicum L.","BR",2019
"1243","Ocimum basilicum L.","IN",2019
"1244","Ocimum basilicum L.","PR",2020
"1245","Ocimum basilicum L.","US",2019
"1246","Ocimum basilicum L.","MX",2004
"1247","Ocimum basilicum L.","MX",1986
"1248","Ocimum basilicum L.","MX",2002
"1249","Ocimum basilicum L.","MX",2017
"1250","Ocimum basilicum L.","MX",1986
"1251","Ocimum basilicum L.","MX",1986
"1252","Ocimum basilicum L.","MX",1980
"1253","Ocimum basilicum L.","MX",1954
"1254","Ocimum basilicum L.","MX",1981
"1255","Ocimum basilicum L.","MX",1980
"1256","Ocimum basilicum L.","MX",1982
"1257","Ocimum basilicum L.","MX",1975
"1258","Ocimum basilicum L.","MX",1975
"1259","Ocimum basilicum L.","MX",1976
"1260","Ocimum basilicum L.","MX",1991
"1261","Ocimum basilicum L.","MX",1994
"1262","Ocimum basilicum L.","MX",1991
"1263","Ocimum basilicum L.","MX",2002
"1264","Ocimum basilicum L.","MX",2005
"1265","Ocimum basilicum L.","MX",1998
"1266","Ocimum basilicum L.","MX",1981
"1267","Ocimum basilicum L.","MX",1988
"1268","Ocimum basilicum L.","MX",1987
"1269","Ocimum basilicum L.","MX",1985
"1270","Ocimum basilicum L.","MX",1982
"1271","Ocimum basilicum L.","MX",1983
"1272","Ocimum basilicum L.","MX",1976
"1273","Ocimum basilicum L.","MX",1980
"1274","Ocimum basilicum L.","MX",1978
"1275","Ocimum basilicum L.","MX",1979
"1276","Ocimum basilicum L.","MX",1992
"1277","Ocimum basilicum L.","MX",1994
"1278","Ocimum basilicum L.","MX",1993
"1279","Ocimum basilicum L.","MX",1992
"1280","Ocimum basilicum L.","MX",2001
"1281","Ocimum basilicum L.","MX",1988
"1282","Ocimum basilicum L.","MX",1998
"1283","Ocimum basilicum L.","MX",1991
"1284","Ocimum basilicum L.","MX",1996
"1285","Ocimum basilicum L.","TR",2020
"1286","Ocimum basilicum L.","MX",2020
"1287","Ocimum basilicum L.","MX",2020
"1288","Ocimum basilicum L.","IT",2013
"1289","Ocimum basilicum L.","BR",2009
"1290","Ocimum basilicum L.","ZA",2020
"1291","Ocimum basilicum L.","ZA",2020
"1292","Ocimum basilicum L.","PA",2020
"1293","Ocimum basilicum L.","NI",2020
"1294","Ocimum basilicum L.","MX",2020
"1295","Ocimum basilicum L.","PR",2020
"1296","Ocimum basilicum L.","PR",2020
"1297","Ocimum basilicum L.","CM",1977
"1298","Ocimum basilicum L.","CM",1977
"1299","Ocimum basilicum L.","IN",2015
"1300","Ocimum basilicum L.","IN",2012
"1301","Ocimum basilicum L.","BJ",2019
"1302","Ocimum basilicum L.","BJ",2019
"1303","Ocimum basilicum L.","FR",1818
"1304","Ocimum basilicum L.","FR",1818
"1305","Ocimum basilicum L.","BR",2018
"1306","Ocimum basilicum L.","BR",2015
"1307","Ocimum basilicum L.","JP",2014
"1308","Ocimum basilicum L.","JP",2014
"1309","Ocimum basilicum L.","BR",2020
"1310","Ocimum basilicum L.","UY",2020
"1311","Ocimum basilicum L.","BR",2019
"1312","Ocimum basilicum L.","BJ",2005
"1313","Ocimum basilicum L.","BJ",2010
"1314","Ocimum basilicum L.","BJ",2010
"1315","Ocimum basilicum L.","BJ",2010
"1316","Ocimum basilicum L.","BJ",2010
"1317","Ocimum basilicum L.","BJ",2010
"1318","Ocimum basilicum L.","BJ",2010
"1319","Ocimum basilicum L.","BJ",2010
"1320","Ocimum basilicum L.","BJ",2010
"1321","Ocimum minimum L.","BR",2019
"1322","Ocimum basilicum L.","BJ",2008
"1323","Ocimum basilicum L.","BJ",2008
"1324","Ocimum basilicum L.","BJ",2008
"1325","Ocimum basilicum L.","BJ",2008
"1326","Ocimum basilicum L.","BJ",2008
"1327","Ocimum basilicum L.","BJ",2008
"1328","Ocimum basilicum L.","BJ",2008
"1329","Ocimum basilicum L.","BJ",2008
"1330","Ocimum basilicum L.","BJ",2008
"1331","Ocimum basilicum L.","BJ",2008
"1332","Ocimum basilicum L.","BJ",2008
"1333","Ocimum basilicum L.","BJ",2008
"1334","Ocimum basilicum L.","BJ",2008
"1335","Ocimum basilicum L.","BJ",2008
"1336","Ocimum basilicum L.","BJ",2008
"1337","Ocimum basilicum L.","BJ",2008
"1338","Ocimum basilicum L.","BJ",2010
"1339","Ocimum basilicum L.","BJ",2010
"1340","Ocimum basilicum L.","BJ",2010
"1341","Ocimum basilicum L.","BJ",2010
"1342","Ocimum basilicum L.","BJ",2010
"1343","Ocimum basilicum L.","BJ",2010
"1344","Ocimum basilicum L.","BJ",2010
"1345","Ocimum basilicum L.","BJ",2010
"1346","Ocimum basilicum L.","BJ",2010
"1347","Ocimum basilicum L.","BJ",2010
"1348","Ocimum basilicum L.","BJ",2011
"1349","Ocimum basilicum L.","BJ",2010
"1350","Ocimum basilicum L.","BJ",2010
"1351","Ocimum basilicum L.","BJ",2010
"1352","Ocimum basilicum L.","BJ",2010
"1353","Ocimum basilicum L.","BJ",2010
"1354","Ocimum basilicum L.","BJ",2010
"1355","Ocimum basilicum L.","NZ",2020
"1356","Ocimum basilicum L.","SE",2009
"1357","Ocimum basilicum L.","SE",2011
"1358","Ocimum basilicum L.","VN",2019
"1359","Ocimum basilicum L.","MX",2019
"1360","Ocimum basilicum L.","CI",1973
"1361","Ocimum basilicum L.","CM",1976
"1362","Ocimum basilicum L.","NL",2001
"1363","Ocimum thyrsiflorum L.","ET",1974
"1364","Ocimum basilicum L.","CM",1976
"1365","Ocimum basilicum L.","CM",1975
"1366","Ocimum basilicum L.","SO",1978
"1367","Ocimum basilicum L.","KE",1978
"1368","Ocimum basilicum L.","CM",1964
"1369","Ocimum basilicum L.","SD",1965
"1370","Ocimum basilicum L.","CM",1964
"1371","Ocimum basilicum L.","CM",1975
"1372","Ocimum basilicum L.","SO",1978
"1373","Ocimum basilicum L.","CM",1977
"1374","Ocimum basilicum L.","ET",2007
"1375","Ocimum basilicum L.","GH",1996
"1376","Ocimum basilicum L.","CM",1977
"1377","Ocimum basilicum L.","CM",1976
"1378","Ocimum basilicum L.","BJ",1999
"1379","Ocimum basilicum L.","ET",1997
"1380","Ocimum basilicum L.","ET",1966
"1381","Ocimum basilicum L.","ET",1966
"1382","Ocimum basilicum L.","CM",1977
"1383","Ocimum thyrsiflorum L.","ET",1973
"1384","Ocimum basilicum L.","CM",1977
"1385","Ocimum basilicum L.","CM",1977
"1386","Ocimum basilicum L.","CI",1963
"1387","Ocimum basilicum L.","SX",1950
"1388","Ocimum basilicum L.","CI",1973
"1389","Ocimum basilicum L.","CM",1975
"1390","Ocimum basilicum L.","PH",1991
"1391","Ocimum basilicum L.","PH",1993
"1392","Ocimum basilicum L.","ID",1976
"1393","Ocimum basilicum L.","PH",1914
"1394","Ocimum basilicum L.","ID",1894
"1395","Ocimum basilicum L.","ID",1915
"1396","Ocimum basilicum L.","ID",1976
"1397","Ocimum basilicum L.","PG",1976
"1398","Ocimum basilicum L.","ID",1888
"1399","Ocimum basilicum L.","ID",1933
"1400","Ocimum basilicum L.","PH",1989
"1401","Ocimum basilicum L.","AU",1975
"1402","Ocimum basilicum L.","ID",1918
"1403","Ocimum basilicum L.","ID",1933
"1404","Ocimum basilicum L.","ID",1888
"1405","Ocimum basilicum L.","PG",1968
"1406","Ocimum basilicum L.","ID",1994
"1407","Ocimum basilicum L.","ID",1895
"1408","Ocimum basilicum L.","ID",1951
"1409","Ocimum basilicum L.","SD",1839
"1410","Ocimum basilicum L.","PG",1969
"1411","Ocimum basilicum L.","ID",1897
"1412","Ocimum basilicum L.","ID",1939
"1413","Ocimum basilicum L.","ID",1932
"1414","Ocimum basilicum L.","ID",1915
"1415","Ocimum basilicum L.","SR",2006
"1416","Ocimum basilicum L.","ID",1918
"1417","Ocimum basilicum L.","CM",1975
"1418","Ocimum basilicum L.","CM",1977
"1419","Ocimum basilicum L.","CM",1977
"1420","Ocimum basilicum L.","LR",1926
"1421","Ocimum basilicum L.","SD",1839
"1422","Ocimum basilicum L.","CM",1975
"1423","Ocimum basilicum L.","CI",1967
"1424","Ocimum basilicum L.","CM",1964
"1425","Ocimum basilicum L.","CM",1964
"1426","Ocimum basilicum L.","SO",1977
"1427","Ocimum basilicum L.","ET",1974
"1428","Ocimum basilicum L.","CM",1976
"1429","Ocimum basilicum L.","CD",1971
"1430","Ocimum basilicum L.","BJ",2011
"1431","Ocimum basilicum L.","SD",1965
"1432","Ocimum basilicum L.","CM",1975
"1433","Ocimum basilicum L.","CM",1976
"1434","Ocimum basilicum L.","ET",1975
"1435","Ocimum basilicum L.","CM",1977
"1436","Ocimum basilicum L.","TZ",1996
"1437","Ocimum basilicum L.","CD",1959
"1438","Ocimum basilicum L.","BJ",2000
"1439","Ocimum basilicum L.","CM",1975
"1440","Ocimum basilicum L.","CM",1964
"1441","Ocimum basilicum L.","KE",1978
"1442","Ocimum basilicum L.","GH",2010
"1443","Ocimum basilicum L.","NG",1966
"1444","Ocimum basilicum L.","KE",1978
"1445","Ocimum basilicum L.","CM",1975
"1446","Ocimum basilicum L.","ET",1967
"1447","Ocimum basilicum L.","CM",1977
"1448","Ocimum basilicum L.","ET",1968
"1449","Ocimum basilicum L.","BF",1967
"1450","Ocimum basilicum L.","CM",1975
"1451","Ocimum basilicum L.","ID",1999
"1452","Ocimum basilicum L.","TZ",1910
"1453","Ocimum basilicum L.","AW",1953
"1454","Ocimum basilicum L.","SX",1953
"1455","Ocimum basilicum L.","TH",1986
"1456","Ocimum basilicum L.","PH",1996
"1457","Ocimum basilicum L.","TL",2005
"1458","Ocimum basilicum L.","AU",1997
"1459","Ocimum basilicum L.","PH",1997
"1460","Ocimum basilicum L.","PF",1990
"1461","Ocimum basilicum L.","PH",1996
"1462","Ocimum basilicum L.","ID",1923
"1463","Ocimum basilicum L.","ID",1918
"1464","Ocimum basilicum L.","ID",1918
"1465","Ocimum basilicum L.","ID",1904
"1466","Ocimum basilicum L.","ID",1918
"1467","Ocimum basilicum L.","TH",2002
"1468","Ocimum basilicum L.","ID",1938
"1469","Ocimum basilicum L.","ID",1930
"1470","Ocimum basilicum L.","ID",1932
"1471","Ocimum basilicum L.","PG",1969
"1472","Ocimum basilicum L.","ID",1937
"1473","Ocimum basilicum L.","ID",1902
"1474","Ocimum basilicum L.","ID",1951
"1475","Ocimum basilicum L.","ID",1937
"1476","Ocimum basilicum L.","PH",1963
"1477","Ocimum basilicum L.","ID",1915
"1478","Ocimum basilicum L.","ID",1933
"1479","Ocimum basilicum L.","ID",1918
"1480","Ocimum basilicum L.","ID",1933
"1481","Ocimum basilicum L.","BE",2014
"1482","Ocimum basilicum L.","TH",2002
"1483","Ocimum basilicum L.","FR",1861
"1484","Ocimum basilicum L.","FR",1832
"1485","Ocimum basilicum L.","FR",1886
"1486","Ocimum basilicum L.","FR",2002
"1487","Ocimum basilicum L.","FR",2013
"1488","Ocimum basilicum L.","FR",2014
"1489","Ocimum basilicum L.","FR",2009
"1490","Ocimum basilicum L.","FR",2010
"1491","Ocimum basilicum L.","FR",2005
"1492","Ocimum basilicum L.","FR",2005
"1493","Ocimum basilicum L.","FR",2000
"1494","Ocimum basilicum L.","FR",2002
"1495","Ocimum basilicum L.","FR",2014
"1496","Ocimum basilicum L.","FR",2013
"1497","Ocimum basilicum L.","FR",2012
"1498","Ocimum basilicum L.","FR",2011
"1499","Ocimum basilicum L.","DE",2019
"1500","Ocimum basilicum L.","MX",2018
"1501","Ocimum basilicum L.","MX",2017
"1502","Ocimum basilicum L.","MX",2019
"1503","Ocimum basilicum L.","MX",2019
"1504","Ocimum basilicum L.","MX",2019
"1505","Ocimum basilicum L.","MX",2019
"1506","Ocimum basilicum L.","MX",2019
"1507","Ocimum basilicum L.","MX",2019
"1508","Ocimum basilicum L.","MX",2019
"1509","Ocimum basilicum L.","MX",2019
"1510","Ocimum basilicum L.","BR",2006
"1511","Ocimum basilicum L.","BR",2005
"1512","Ocimum basilicum L.","BR",1987
"1513","Ocimum basilicum L.","BR",1987
"1514","Ocimum basilicum L.","BR",1986
"1515","Ocimum basilicum L.","BR",2016
"1516","Ocimum basilicum L.","BR",2014
"1517","Ocimum basilicum L.","BR",2016
"1518","Ocimum basilicum L.","BR",2016
"1519","Ocimum basilicum L.","BR",2014
"1520","Ocimum basilicum L.","BR",2014
"1521","Ocimum basilicum L.","BR",2014
"1522","Ocimum basilicum L.","BR",2014
"1523","Ocimum basilicum L.","BR",2012
"1524","Ocimum basilicum L.","BR",2014
"1525","Ocimum basilicum L.","BR",2014
"1526","Ocimum basilicum L.","BR",2013
"1527","Ocimum basilicum L.","BR",2014
"1528","Ocimum basilicum L.","BR",2013
"1529","Ocimum basilicum L.","BR",2012
"1530","Ocimum basilicum L.","BR",2009
"1531","Ocimum basilicum L.","BR",2011
"1532","Ocimum basilicum L.","BR",2011
"1533","Ocimum basilicum L.","BR",2010
"1534","Ocimum basilicum L.","BR",2010
"1535","Ocimum basilicum L.","BR",2010
"1536","Ocimum basilicum L.","BR",2010
"1537","Ocimum basilicum L.","BR",2010
"1538","Ocimum basilicum L.","BR",2010
"1539","Ocimum basilicum L.","BR",2010
"1540","Ocimum basilicum L.","BR",1990
"1541","Ocimum basilicum L.","BR",1998
"1542","Ocimum basilicum L.","BR",2008
"1543","Ocimum basilicum L.","HK",2019
"1544","Ocimum basilicum L.","HN",2019
"1545","Ocimum basilicum L.","BR",2011
"1546","Ocimum basilicum L.","US",2002
"1547","Ocimum basilicum L.","PK",2019
"1548","Ocimum basilicum L.","NO",2019
"1549","Ocimum basilicum L.","VU",2016
"1550","Ocimum basilicum L.","DE",2019
"1551","Ocimum basilicum L.","US",1970
"1552","Ocimum basilicum L.","US",1972
"1553","Ocimum basilicum L.","MX",1988
"1554","Ocimum basilicum L.","MX",1988
"1555","Ocimum basilicum L.","US",2002
"1556","Ocimum basilicum L.","BR",2016
"1557","Ocimum basilicum L.","AU",2001
"1558","Ocimum basilicum L.","AU",2006
"1559","Ocimum basilicum L.","AU",1991
"1560","Ocimum basilicum L.","AU",1897
"1561","Ocimum basilicum L.","US",1977
"1562","Ocimum basilicum L.","CN",1974
"1563","Ocimum basilicum L.","CN",1974
"1564","Ocimum basilicum L.","CN",1960
"1565","Ocimum basilicum L.","CN",1960
"1566","Ocimum minimum L.","CN",1960
"1567","Ocimum minimum L.","CN",1960
"1568","Ocimum basilicum L.","CN",1960
"1569","Ocimum basilicum L.","CN",1960
"1570","Ocimum basilicum L.","CN",1960
"1571","Ocimum basilicum L.","CN",1958
"1572","Ocimum basilicum L.","CN",1959
"1573","Ocimum basilicum L.","CN",1958
"1574","Ocimum basilicum L.","CN",1959
"1575","Ocimum basilicum L.","CN",1959
"1576","Ocimum basilicum L.","CN",1958
"1577","Ocimum basilicum L.","CN",1964
"1578","Ocimum basilicum L.","CN",1963
"1579","Ocimum basilicum L.","CN",1957
"1580","Ocimum basilicum L.","CN",1958
"1581","Ocimum basilicum L.","CN",1971
"1582","Ocimum basilicum L.","CN",1971
"1583","Ocimum minimum L.","BR",2019
"1584","Ocimum minimum L.","BR",2019
"1585","Ocimum minimum L.","BR",2019
"1586","Ocimum basilicum L.","BR",2019
"1587","Ocimum minimum L.","BR",2019
"1588","Ocimum basilicum L.","BR",2017
"1589","Ocimum basilicum L.","BR",2019
"1590","Ocimum basilicum L.","BR",2019
"1591","Ocimum minimum L.","BR",2019
"1592","Ocimum basilicum L.","BR",2019
"1593","Ocimum minimum L.","BR",2016
"1594","Ocimum basilicum L.","BR",2012
"1595","Ocimum minimum L.","BR",2017
"1596","Ocimum basilicum L.","DE",2019
"1597","Ocimum basilicum L.","BJ",2019
"1598","Ocimum basilicum L.","DE",2008
"1599","Ocimum basilicum L.","DE",2011
"1600","Ocimum basilicum L.","DE",2006
"1601","Ocimum basilicum L.","BR",2018
"1602","Ocimum basilicum L.","BR",2016
"1603","Ocimum basilicum L.","BR",2015
"1604","Ocimum basilicum L.","BR",2002
"1605","Ocimum basilicum L.","IT",2019
"1606","Ocimum basilicum L.","IT",2019
"1607","Ocimum basilicum L.","MX",2019
"1608","Ocimum basilicum L.","ZA",2016
"1609","Ocimum basilicum L.","US",2005
"1610","Ocimum basilicum L.","US",1997
"1611","Ocimum basilicum L.","US",1997
"1612","Ocimum basilicum L.","EC",1975
"1613","Ocimum basilicum L.","MX",1984
"1614","Ocimum basilicum L.","MX",1985
"1615","Ocimum basilicum L.","BR",2019
"1616","Ocimum basilicum L.","GH",1952
"1617","Ocimum basilicum L.","GH",1991
"1618","Ocimum basilicum L.","GH",1929
"1619","Ocimum basilicum L.","GH",1958
"1620","Ocimum basilicum L.","GH",1962
"1621","Ocimum basilicum L.","GH",1956
"1622","Ocimum basilicum L.","GH",1956
"1623","Ocimum basilicum L.","GH",1958
"1624","Ocimum basilicum var. purpurascens Benth.","AR",2011
"1625","Ocimum basilicum L.","AR",1995
"1626","Ocimum basilicum L.","EG",2010
"1627","Ocimum basilicum L.","EG",2010
"1628","Ocimum basilicum L.","EG",2010
"1629","Ocimum basilicum L.","EG",2010
"1630","Ocimum basilicum L.","EG",2010
"1631","Ocimum basilicum L.","EG",2010
"1632","Ocimum basilicum L.","IN",2016
"1633","Ocimum basilicum L.","IN",2015
"1634","Ocimum basilicum L.","BR",2003
"1635","Ocimum basilicum L.","SE",2005
"1636","Ocimum basilicum L.","SE",2005
"1637","Ocimum basilicum L.","SE",2004
"1638","Ocimum basilicum L.","JP",2015
"1639","Ocimum basilicum L.","MX",2019
"1640","Ocimum basilicum L.","US",1948
"1641","Ocimum basilicum L.","US",1981
"1642","Ocimum basilicum L.","US",1948
"1643","Ocimum basilicum var. purpurascens Benth.","US",1981
"1644","Ocimum minimum L.","US",1991
"1645","Ocimum basilicum L.","BR",2017
"1646","Ocimum basilicum L.","BJ",2011
"1647","Ocimum basilicum L.","BJ",2005
"1648","Ocimum basilicum L.","BJ",2005
"1649","Ocimum basilicum L.","BJ",2005
"1650","Ocimum basilicum L.","BJ",2005
"1651","Ocimum basilicum L.","BJ",2005
"1652","Ocimum basilicum L.","BJ",2005
"1653","Ocimum basilicum L.","BJ",2005
"1654","Ocimum basilicum L.","BJ",2005
"1655","Ocimum basilicum L.","BJ",2005
"1656","Ocimum basilicum L.","BJ",2005
"1657","Ocimum basilicum L.","BJ",2005
"1658","Ocimum basilicum L.","BJ",2005
"1659","Ocimum basilicum L.","BJ",2005
"1660","Ocimum basilicum L.","BR",2018
"1661","Ocimum basilicum L.","BR",2018
"1662","Ocimum basilicum L.","BE",2018
"1663","Ocimum basilicum L.","CI",1990
"1664","Ocimum basilicum L.","CI",2013
"1665","Ocimum basilicum L.","CI",1996
"1666","Ocimum basilicum L.","ID",2016
"1667","Ocimum basilicum L.","BR",2018
"1668","Ocimum basilicum L.","CO",1998
"1669","Ocimum basilicum L.","CO",2000
"1670","Ocimum basilicum L.","BR",2018
"1671","Ocimum basilicum L.","NG",2013
"1672","Ocimum minimum L.","US",1949
"1673","Ocimum basilicum L.","US",1944
"1674","Ocimum basilicum L.","US",1915
"1675","Ocimum basilicum L.","TH",2001
"1676","Ocimum basilicum L.","US",1962
"1677","Ocimum basilicum L.","CA",2008
"1678","Ocimum basilicum L.","US",2001
"1679","Ocimum basilicum L.","AU",2010
"1680","Ocimum basilicum L.","AU",2017
"1681","Ocimum basilicum L.","PK",1977
"1682","Ocimum basilicum L.","PK",1977
"1683","Ocimum basilicum L.","BR",2022
"1684","Ocimum basilicum L.","NL",2012
"1685","Ocimum basilicum L.","CO",2018
"1686","Ocimum basilicum L.","DE",2017
"1687","Ocimum basilicum L.","DE",1989
"1688","Ocimum basilicum L.","DE",1999
"1689","Ocimum basilicum L.","MY",1987
"1690","Ocimum basilicum L.","ES",1997
"1691","Ocimum basilicum L.","ES",1994
"1692","Ocimum basilicum L.","DE",2018
"1693","Ocimum basilicum L.","US",1939
"1694","Ocimum basilicum L.","US",1899
"1695","Ocimum basilicum L.","US",2007
"1696","Ocimum basilicum L.","US",1993
"1697","Ocimum basilicum L.","US",1879
"1698","Ocimum basilicum L.","US",1899
"1699","Ocimum basilicum L.","MX",1984
"1700","Ocimum basilicum L.","US",1995
"1701","Ocimum basilicum L.","PR",1922
"1702","Ocimum basilicum L.","BL",1930
"1703","Ocimum basilicum L.","VU",2016
"1704","Ocimum basilicum L.","US",1980
"1705","Ocimum basilicum L.","PR",1979
"1706","Ocimum basilicum L.","CU",1904
"1707","Ocimum basilicum L.","US",1975
"1708","Ocimum basilicum L.","US",1981
"1709","Ocimum basilicum L.","US",1932
"1710","Ocimum basilicum L.","US",1980
"1711","Ocimum basilicum L.","PR",1915
"1712","Ocimum basilicum L.","BR",1986
"1713","Ocimum basilicum L.","US",1938
"1714","Ocimum basilicum L.","DO",1984
"1715","Ocimum basilicum L.","US",1899
"1716","Ocimum minimum L.","US",1931
"1717","Ocimum basilicum L.","DO",1964
"1718","Ocimum basilicum L.","DO",1981
"1719","Ocimum basilicum L.","PR",1922
"1720","Ocimum basilicum L.","BR",2017
"1721","Ocimum basilicum L.","BR",2017
"1722","Ocimum basilicum L.","BR",2016
"1723","Ocimum basilicum L.","BR",2011
"1724","Ocimum basilicum L.","BR",2018
"1725","Ocimum basilicum L.","BR",2017
"1726","Ocimum minimum L.","BR",2017
"1727","Ocimum basilicum L.","DE",2018
"1728","Ocimum basilicum L.","DE",2018
"1729","Ocimum basilicum L.","TG",1983
"1730","Ocimum basilicum L.","TG",1985
"1731","Ocimum basilicum L.","TG",1986
"1732","Ocimum basilicum L.","TG",1978
"1733","Ocimum basilicum L.","PN",1931
"1734","Ocimum basilicum L.","CK",1899
"1735","Ocimum basilicum L.","CK",1899
"1736","Ocimum basilicum L.","NZ",1976
"1737","Ocimum basilicum L.","NZ",1976
"1738","Ocimum basilicum L.","NZ",1976
"1739","Ocimum basilicum L.","NZ",1992
"1740","Ocimum basilicum L.","NZ",1975
"1741","Ocimum basilicum L.","TO",1988
"1742","Ocimum basilicum L.","NZ",1971
"1743","Ocimum basilicum L.","MX",1993
"1744","Ocimum basilicum L.","MX",2014
"1745","Ocimum basilicum L.","MX",2014
"1746","Ocimum basilicum L.","MX",2014
"1747","Ocimum basilicum L.","MX",2014
"1748","Ocimum basilicum L.","MX",2014
"1749","Ocimum basilicum L.","MX",2014
"1750","Ocimum basilicum L.","MX",2014
"1751","Ocimum basilicum L.","MX",2014
"1752","Ocimum basilicum L.","MX",2014
"1753","Ocimum basilicum L.","MX",2014
"1754","Ocimum basilicum L.","MX",2014
"1755","Ocimum basilicum L.","MX",2014
"1756","Ocimum basilicum L.","MX",2014
"1757","Ocimum basilicum L.","MX",2014
"1758","Ocimum basilicum L.","MX",2014
"1759","Ocimum basilicum L.","MX",2014
"1760","Ocimum basilicum L.","MX",1998
"1761","Ocimum basilicum L.","MX",1996
"1762","Ocimum basilicum L.","MX",1996
"1763","Ocimum basilicum L.","MX",1986
"1764","Ocimum basilicum L.","MX",1996
"1765","Ocimum basilicum L.","MX",1996
"1766","Ocimum basilicum L.","MX",1986
"1767","Ocimum basilicum L.","MX",1989
"1768","Ocimum basilicum L.","MX",2001
"1769","Ocimum basilicum L.","MX",2000
"1770","Ocimum basilicum L.","MX",2000
"1771","Ocimum basilicum L.","MX",2000
"1772","Ocimum basilicum L.","MX",2000
"1773","Ocimum basilicum L.","MX",2000
"1774","Ocimum basilicum L.","MX",2001
"1775","Ocimum basilicum L.","MX",1998
"1776","Ocimum basilicum L.","MX",1984
"1777","Ocimum basilicum L.","MX",1957
"1778","Ocimum basilicum L.","MX",1996
"1779","Ocimum basilicum L.","MX",1984
"1780","Ocimum basilicum L.","MX",1981
"1781","Ocimum basilicum L.","MX",1998
"1782","Ocimum basilicum L.","MX",1992
"1783","Ocimum basilicum L.","MX",1990
"1784","Ocimum basilicum L.","MX",1990
"1785","Ocimum basilicum L.","MX",1992
"1786","Ocimum basilicum L.","MX",1991
"1787","Ocimum basilicum L.","MX",1990
"1788","Ocimum basilicum L.","MX",1983
"1789","Ocimum basilicum L.","MX",2004
"1790","Ocimum basilicum L.","MX",2003
"1791","Ocimum basilicum L.","MX",2002
"1792","Ocimum basilicum L.","MX",1986
"1793","Ocimum basilicum L.","MX",1986
"1794","Ocimum basilicum L.","MX",2000
"1795","Ocimum basilicum L.","MX",1986
"1796","Ocimum basilicum L.","MX",1993
"1797","Ocimum basilicum L.","MX",2000
"1798","Ocimum basilicum L.","MX",2002
"1799","Ocimum basilicum L.","MX",1997
"1800","Ocimum basilicum L.","MX",1976
"1801","Ocimum basilicum L.","MX",1998
"1802","Ocimum basilicum L.","MX",1998
"1803","Ocimum basilicum L.","MX",1998
"1804","Ocimum basilicum L.","MX",2003
"1805","Ocimum basilicum L.","MX",1996
"1806","Ocimum basilicum L.","MX",1992
"1807","Ocimum basilicum L.","MX",1991
"1808","Ocimum basilicum L.","MX",1980
"1809","Ocimum basilicum L.","MX",1980
"1810","Ocimum basilicum L.","MX",1984
"1811","Ocimum basilicum L.","MX",2002
"1812","Ocimum basilicum L.","MX",1980
"1813","Ocimum basilicum L.","MX",1991
"1814","Ocimum basilicum L.","MX",1986
"1815","Ocimum basilicum L.","MX",1978
"1816","Ocimum basilicum L.","MX",1985
"1817","Ocimum basilicum L.","MX",1988
"1818","Ocimum basilicum L.","MX",1987
"1819","Ocimum basilicum L.","MX",1985
"1820","Ocimum basilicum L.","MX",1968
"1821","Ocimum basilicum L.","MX",1990
"1822","Ocimum basilicum L.","MX",1992
"1823","Ocimum basilicum L.","MX",1994
"1824","Ocimum basilicum L.","MX",1984
"1825","Ocimum basilicum L.","MX",1966
"1826","Ocimum basilicum L.","MX",1998
"1827","Ocimum basilicum L.","CO",1946
"1828","Ocimum basilicum L.","NL",2018
"1829","Ocimum basilicum L.","SG",2018
"1830","Ocimum basilicum L.","IT",2018
"1831","Ocimum basilicum L.","GH",1958
"1832","Ocimum basilicum L.","GH",1898
"1833","Ocimum basilicum L.","GH",1956
"1834","Ocimum basilicum L.","GH",1996
"1835","Ocimum basilicum L.","GH",1929
"1836","Ocimum basilicum L.","GH",1996
"1837","Ocimum basilicum L.","GH",1991
"1838","Ocimum basilicum L.","GH",1956
"1839","Ocimum basilicum L.","GH",1962
"1840","Ocimum basilicum L.","GH",1958
"1841","Ocimum basilicum L.","GH",1976
"1842","Ocimum basilicum L.","GH",1952
"1843","Ocimum basilicum L.","DE",2018
"1844","Ocimum basilicum L.","TG",1986
"1845","Ocimum basilicum L.","TG",1985
"1846","Ocimum basilicum L.","TG",1983
"1847","Ocimum basilicum L.","TG",1978
"1848","Ocimum basilicum L.","BR",1999
"1849","Ocimum basilicum L.","FR",2018
"1850","Ocimum basilicum L.","MX",1985
"1851","Ocimum basilicum L.","US",2008
"1852","Ocimum basilicum L.","AU",1997
"1853","Ocimum basilicum var. thyrsiflorum (L.) Benth.","US",2014
"1854","Ocimum basilicum L.","MX",2018
"1855","Ocimum basilicum L.","DE",2018
"1856","Ocimum basilicum L.","BR",2017
"1857","Ocimum basilicum L.","MX",1934
"1858","Ocimum basilicum L.","US",1985
"1859","Ocimum basilicum L.","CI",1975
"1860","Ocimum basilicum L.","CI",1968
"1861","Ocimum basilicum L.","PF",1992
"1862","Ocimum basilicum L.","PF",1952
"1863","Ocimum basilicum L.","BI",1982
"1864","Ocimum basilicum L.","PF",1990
"1865","Ocimum basilicum L.","RW",2014
"1866","Ocimum basilicum L.","BI",1980
"1867","Ocimum basilicum L.","BI",1980
"1868","Ocimum basilicum L.","CD",1906
"1869","Ocimum basilicum L.","CD",1979
"1870","Ocimum basilicum L.","CD",1930
"1871","Ocimum basilicum L.","CD",1932
"1872","Ocimum basilicum L.","BR",2017
"1873","Ocimum basilicum L.","BR",2016
"1874","Ocimum basilicum L.","BR",2015
"1875","Ocimum basilicum L.","BR",2007
"1876","Ocimum basilicum L.","SE",2016
"1877","Ocimum basilicum L.","JP",2009
"1878","Ocimum basilicum var. purpurascens Benth.","BR",2015
"1879","Ocimum basilicum L.","TW",1996
"1880","Ocimum basilicum L.","SE",2004
"1881","Ocimum basilicum L.","SE",2006
"1882","Ocimum basilicum L.","DE",2017
"1883","Ocimum basilicum L.","HK",2017
"1884","Ocimum basilicum L.","BR",2009
"1885","Ocimum basilicum L.","BR",2017
"1886","Ocimum basilicum L.","BR",2016
"1887","Ocimum basilicum var. basilicum","IT",2013
"1888","Ocimum basilicum var. basilicum","IT",2013
"1889","Ocimum basilicum var. basilicum","IT",2013
"1890","Ocimum basilicum var. basilicum","BG",1999
"1891","Ocimum basilicum var. basilicum","IT",1999
"1892","Ocimum basilicum var. basilicum","BG",2000
"1893","Ocimum basilicum var. basilicum","BG",1999
"1894","Ocimum basilicum var. basilicum","IT",1998
"1895","Ocimum basilicum var. basilicum","IT",2009
"1896","Ocimum basilicum var. basilicum","IT",2005
"1897","Ocimum basilicum L.","KZ",1934
"1898","Ocimum basilicum L.","ES",2005
"1899","Ocimum basilicum L.","US",2006
"1900","Ocimum basilicum L.","US",1992
"1901","Ocimum basilicum L.","US",2006
"1902","Ocimum basilicum L.","CO",2003
"1903","Ocimum basilicum L.","CO",2005
"1904","Ocimum basilicum L.","CO",2012
"1905","Ocimum basilicum L.","IT",1924
"1906","Ocimum basilicum L.","SE",2004
"1907","Ocimum basilicum L.","SE",1994
"1908","Ocimum basilicum L.","SE",1985
"1909","Ocimum basilicum L.","VU",1998
"1910","Ocimum basilicum L.","VU",1980
"1911","Ocimum basilicum L.","VU",1980
"1912","Ocimum basilicum L.","VU",1984
"1913","Ocimum basilicum L.","VU",1984
"1914","Ocimum basilicum L.","CO",2000
"1915","Ocimum basilicum L.","CN",1940
"1916","Ocimum basilicum L.","CN",1940
"1917","Ocimum basilicum L.","ET",1990
"1918","Ocimum basilicum L.","UA",1887
"1919","Ocimum basilicum L.","BR",2017
"1920","Ocimum basilicum L.","BR",2016
"1921","Ocimum basilicum L.","BR",2017
"1922","Ocimum basilicum L.","AU",2016
"1923","Ocimum basilicum L.","BR",1986
"1924","Ocimum basilicum L.","BR",2011
"1925","Ocimum basilicum L.","BR",2007
"1926","Ocimum basilicum L.","BR",1993
"1927","Ocimum basilicum L.","BR",1982
"1928","Ocimum basilicum L.","DE",2017
"1929","Ocimum basilicum L.","BJ",2008
"1930","Ocimum basilicum L.","BJ",2008
"1931","Ocimum basilicum L.","BJ",2008
"1932","Ocimum basilicum L.","SV",1989
"1933","Ocimum basilicum L.","SV",1986
"1934","Ocimum basilicum L.","BE",2016
"1935","Ocimum basilicum L.","BR",2017
"1936","Ocimum basilicum L.","KN",2017
"1937","Ocimum basilicum L.","US",2010
"1938","Ocimum basilicum L.","US",1988
"1939","Ocimum basilicum L.","US",1996
"1940","Ocimum basilicum L.","MX",1990
"1941","Ocimum basilicum L.","DO",1969
"1942","Ocimum basilicum L.","US",1962
"1943","Ocimum basilicum L.","US",1973
"1944","Ocimum basilicum L.","US",1973
"1945","Ocimum basilicum L.","ES",1985
"1946","Ocimum basilicum L.","BJ",2012
"1947","Ocimum basilicum L.","BJ",2012
"1948","Ocimum basilicum L.","BJ",2012
"1949","Ocimum basilicum L.","BJ",2012
"1950","Ocimum basilicum L.","BJ",2012
"1951","Ocimum basilicum L.","BJ",2012
"1952","Ocimum basilicum L.","BJ",2012
"1953","Ocimum basilicum L.","BJ",2012
"1954","Ocimum basilicum L.","BJ",2012
"1955","Ocimum basilicum L.","BJ",2012
"1956","Ocimum basilicum L.","BJ",2012
"1957","Ocimum basilicum L.","BJ",2012
"1958","Ocimum basilicum L.","BJ",2012
"1959","Ocimum basilicum L.","BJ",2012
"1960","Ocimum basilicum L.","BJ",2012
"1961","Ocimum basilicum L.","SE",2010
"1962","Ocimum basilicum L.","SE",2013
"1963","Ocimum basilicum L.","SE",2013
"1964","Ocimum basilicum L.","US",2003
"1965","Ocimum basilicum L.","US",1997
"1966","Ocimum basilicum L.","MX",2007
"1967","Ocimum basilicum L.","PF",2003
"1968","Ocimum basilicum L.","PF",2003
"1969","Ocimum basilicum L.","PF",1988
"1970","Ocimum basilicum L.","DE",1992
"1971","Ocimum basilicum L.","MX",2014
"1972","Ocimum basilicum L.","MX",2017
"1973","Ocimum basilicum L.","CO",2016
"1974","Ocimum basilicum L.","FR",2016
"1975","Ocimum basilicum L.","FR",2016
"1976","Ocimum basilicum L.","BJ",2003
"1977","Ocimum basilicum L.","BJ",2003
"1978","Ocimum basilicum L.","BJ",2011
"1979","Ocimum basilicum L.","BJ",2011
"1980","Ocimum basilicum L.","BJ",2003
"1981","Ocimum basilicum L.","BJ",2011
"1982","Ocimum basilicum L.","BJ",2011
"1983","Ocimum basilicum L.","SE",2006
"1984","Ocimum basilicum L.","SE",2005
"1985","Ocimum basilicum L.","SE",1990
"1986","Ocimum basilicum L.","SE",1990
"1987","Ocimum basilicum L.","GN",2011
"1988","Ocimum basilicum L.","BR",2014
"1989","Ocimum minimum L.","BR",2011
"1990","Ocimum basilicum L.","BR",2013
"1991","Ocimum basilicum L.","BR",2003
"1992","Ocimum basilicum L.","BR",2003
"1993","Ocimum basilicum L.","BR",2006
"1994","Ocimum basilicum L.","BR",2006
"1995","Ocimum basilicum L.","BR",2005
"1996","Ocimum basilicum L.","FR",2016
"1997","Ocimum basilicum L.","FR",2016
"1998","Ocimum basilicum L.","FR",2016
"1999","Ocimum basilicum L.","MX",1984
"2000","Ocimum basilicum L.","MX",1987
"2001","Ocimum basilicum L.","MX",1981
"2002","Ocimum basilicum L.","MX",1994
"2003","Ocimum basilicum L.","MX",2003
"2004","Ocimum basilicum L.","MX",2003
"2005","Ocimum basilicum L.","MX",1991
"2006","Ocimum basilicum L.","MX",1994
"2007","Ocimum basilicum L.","MX",1994
"2008","Ocimum basilicum L.","MX",1994
"2009","Ocimum basilicum L.","MX",1994
"2010","Ocimum basilicum L.","MX",1998
"2011","Ocimum basilicum L.","MX",1983
"2012","Ocimum basilicum L.","MX",1988
"2013","Ocimum basilicum var. glabratum Benth.","MX",2000
"2014","Ocimum basilicum L.","MX",1999
"2015","Ocimum basilicum L.","MX",1987
"2016","Ocimum basilicum L.","MX",1999
"2017","Ocimum basilicum L.","MX",1999
"2018","Ocimum basilicum L.","MX",1999
"2019","Ocimum basilicum L.","MX",1999
"2020","Ocimum basilicum L.","MX",1999
"2021","Ocimum basilicum L.","MX",2004
"2022","Ocimum basilicum L.","MX",2004
"2023","Ocimum basilicum L.","MX",2004
"2024","Ocimum basilicum L.","MX",2004
"2025","Ocimum basilicum L.","MX",2004
"2026","Ocimum basilicum L.","MX",2004
"2027","Ocimum basilicum L.","MX",2004
"2028","Ocimum basilicum L.","MX",2004
"2029","Ocimum basilicum L.","MX",2004
"2030","Ocimum basilicum L.","MX",2004
"2031","Ocimum basilicum L.","MX",2004
"2032","Ocimum basilicum L.","MX",2004
"2033","Ocimum basilicum L.","MX",2004
"2034","Ocimum basilicum L.","MX",2004
"2035","Ocimum basilicum L.","MX",2004
"2036","Ocimum basilicum L.","MX",2004
"2037","Ocimum basilicum L.","MX",2004
"2038","Ocimum basilicum L.","MX",2004
"2039","Ocimum basilicum L.","MX",2004
"2040","Ocimum basilicum L.","MX",2004
"2041","Ocimum basilicum L.","MX",2004
"2042","Ocimum basilicum L.","MX",2004
"2043","Ocimum basilicum L.","MX",2004
"2044","Ocimum basilicum L.","MX",2004
"2045","Ocimum basilicum L.","MX",2004
"2046","Ocimum basilicum L.","MX",2004
"2047","Ocimum basilicum L.","MX",2004
"2048","Ocimum basilicum L.","MX",2004
"2049","Ocimum basilicum L.","MX",2004
"2050","Ocimum basilicum L.","MX",2004
"2051","Ocimum basilicum L.","MX",2004
"2052","Ocimum basilicum L.","MX",2004
"2053","Ocimum basilicum L.","MX",2004
"2054","Ocimum basilicum L.","MX",2004
"2055","Ocimum basilicum L.","MX",2004
"2056","Ocimum basilicum L.","MX",2004
"2057","Ocimum basilicum L.","MX",2004
"2058","Ocimum basilicum L.","MX",2004
"2059","Ocimum basilicum L.","MX",2004
"2060","Ocimum basilicum L.","MX",2004
"2061","Ocimum basilicum L.","MX",2004
"2062","Ocimum basilicum L.","MX",2004
"2063","Ocimum basilicum L.","MX",2004
"2064","Ocimum basilicum L.","MX",2004
"2065","Ocimum basilicum L.","MX",2004
"2066","Ocimum basilicum L.","MX",2004
"2067","Ocimum basilicum L.","MX",2004
"2068","Ocimum basilicum L.","MX",2004
"2069","Ocimum basilicum L.","MX",2004
"2070","Ocimum basilicum L.","MX",2004
"2071","Ocimum basilicum L.","MX",2004
"2072","Ocimum basilicum L.","MX",2004
"2073","Ocimum basilicum L.","MX",2004
"2074","Ocimum basilicum L.","MX",2004
"2075","Ocimum basilicum L.","MX",2004
"2076","Ocimum basilicum L.","MX",2004
"2077","Ocimum basilicum L.","MX",2004
"2078","Ocimum basilicum L.","MX",2004
"2079","Ocimum basilicum L.","MX",2004
"2080","Ocimum basilicum L.","MX",2004
"2081","Ocimum basilicum L.","MX",2004
"2082","Ocimum basilicum L.","MX",2004
"2083","Ocimum basilicum L.","MX",2004
"2084","Ocimum basilicum L.","MX",2004
"2085","Ocimum basilicum L.","MX",2004
"2086","Ocimum basilicum L.","MX",2004
"2087","Ocimum basilicum L.","MX",2004
"2088","Ocimum basilicum L.","MX",2004
"2089","Ocimum basilicum L.","MX",2004
"2090","Ocimum basilicum L.","MX",2004
"2091","Ocimum basilicum L.","MX",1999
"2092","Ocimum basilicum L.","MX",2002
"2093","Ocimum basilicum L.","MX",2002
"2094","Ocimum basilicum L.","MX",2002
"2095","Ocimum basilicum L.","MX",2002
"2096","Ocimum basilicum L.","MX",2002
"2097","Ocimum basilicum L.","MX",2002
"2098","Ocimum basilicum L.","MX",2002
"2099","Ocimum basilicum L.","MX",2002
"2100","Ocimum basilicum L.","MX",2002
"2101","Ocimum basilicum L.","MX",2002
"2102","Ocimum basilicum L.","MX",2002
"2103","Ocimum basilicum L.","MX",2002
"2104","Ocimum basilicum L.","MX",2002
"2105","Ocimum basilicum L.","MX",2002
"2106","Ocimum basilicum L.","MX",2002
"2107","Ocimum basilicum L.","MX",2002
"2108","Ocimum basilicum L.","MX",2002
"2109","Ocimum basilicum L.","MX",2002
"2110","Ocimum basilicum L.","MX",2002
"2111","Ocimum basilicum L.","MX",2002
"2112","Ocimum basilicum L.","MX",2002
"2113","Ocimum basilicum L.","MX",2002
"2114","Ocimum basilicum L.","MX",2002
"2115","Ocimum basilicum L.","MX",2002
"2116","Ocimum basilicum L.","MX",2002
"2117","Ocimum basilicum L.","MX",2002
"2118","Ocimum basilicum L.","MX",2002
"2119","Ocimum basilicum L.","MX",2002
"2120","Ocimum basilicum L.","MX",2002
"2121","Ocimum basilicum L.","MX",2002
"2122","Ocimum basilicum L.","MX",2002
"2123","Ocimum basilicum L.","MX",2002
"2124","Ocimum basilicum L.","MX",2002
"2125","Ocimum basilicum L.","MX",2002
"2126","Ocimum basilicum L.","MX",2002
"2127","Ocimum basilicum L.","MX",2002
"2128","Ocimum basilicum L.","MX",2002
"2129","Ocimum basilicum L.","MX",2002
"2130","Ocimum basilicum L.","MX",2002
"2131","Ocimum basilicum L.","MX",2002
"2132","Ocimum basilicum L.","MX",2002
"2133","Ocimum basilicum L.","MX",2002
"2134","Ocimum basilicum L.","MX",2002
"2135","Ocimum basilicum L.","MX",2002
"2136","Ocimum basilicum L.","MX",2002
"2137","Ocimum basilicum L.","MX",2002
"2138","Ocimum basilicum L.","MX",2002
"2139","Ocimum basilicum L.","MX",2002
"2140","Ocimum basilicum L.","MX",1999
"2141","Ocimum basilicum L.","MX",1999
"2142","Ocimum basilicum L.","MX",1987
"2143","Ocimum basilicum L.","MX",1987
"2144","Ocimum basilicum L.","MX",1985
"2145","Ocimum basilicum L.","MX",1987
"2146","Ocimum basilicum L.","MX",1985
"2147","Ocimum basilicum L.","MX",1985
"2148","Ocimum basilicum L.","MX",1994
"2149","Ocimum basilicum L.","MX",1987
"2150","Ocimum basilicum L.","MX",1987
"2151","Ocimum basilicum L.","MX",1999
"2152","Ocimum basilicum L.","MX",1987
"2153","Ocimum basilicum L.","MX",1985
"2154","Ocimum basilicum L.","MX",1987
"2155","Ocimum basilicum L.","MX",1985
"2156","Ocimum basilicum L.","MX",1984
"2157","Ocimum basilicum L.","MX",1997
"2158","Ocimum basilicum L.","MX",1997
"2159","Ocimum basilicum L.","BR",2016
"2160","Ocimum basilicum L.","BR",2016
"2161","Ocimum basilicum L.","BJ",2006
"2162","Ocimum basilicum L.","BJ",2006
"2163","Ocimum basilicum L.","BJ",2006
"2164","Ocimum basilicum L.","BJ",2006
"2165","Ocimum basilicum L.","BJ",2006
"2166","Ocimum basilicum L.","BJ",2006
"2167","Ocimum basilicum L.","BJ",2006
"2168","Ocimum basilicum L.","BJ",2006
"2169","Ocimum basilicum L.","BJ",2006
"2170","Ocimum basilicum L.","BJ",2006
"2171","Ocimum basilicum L.","BJ",2006
"2172","Ocimum basilicum L.","BJ",2006
"2173","Ocimum basilicum L.","DE",2015
"2174","Ocimum basilicum L.","BR",2014
"2175","Ocimum basilicum L.","US",1941
"2176","Ocimum basilicum L.","US",1940
"2177","Ocimum basilicum L.","US",2016
"2178","Ocimum basilicum L.","MX",2014
"2179","Ocimum basilicum L.","BJ",2011
"2180","Ocimum basilicum L.","BJ",2011
"2181","Ocimum basilicum L.","BJ",2011
"2182","Ocimum basilicum L.","BJ",2011
"2183","Ocimum basilicum L.","BJ",2011
"2184","Ocimum basilicum L.","BJ",2011
"2185","Ocimum basilicum L.","BJ",2011
"2186","Ocimum basilicum L.","BJ",2011
"2187","Ocimum minimum L.","BR",2003
"2188","Ocimum basilicum L.","BR",1986
"2189","Ocimum basilicum L.","TW",2014
"2190","Ocimum basilicum L.","TW",2014
"2191","Ocimum basilicum L.","TW",2014
"2192","Ocimum basilicum L.","TW",2014
"2193","Ocimum basilicum L.","TW",2014
"2194","Ocimum basilicum L.","TW",2014
"2195","Ocimum basilicum L.","TW",2014
"2196","Ocimum basilicum L.","TW",2014
"2197","Ocimum basilicum L.","TW",2014
"2198","Ocimum basilicum L.","TW",2014
"2199","Ocimum basilicum L.","TW",2014
"2200","Ocimum basilicum L.","TW",2014
"2201","Ocimum basilicum L.","TW",2014
"2202","Ocimum basilicum L.","TW",2014
"2203","Ocimum basilicum L.","TW",2014
"2204","Ocimum basilicum L.","TW",2014
"2205","Ocimum basilicum L.","TW",2014
"2206","Ocimum basilicum L.","TW",2013
"2207","Ocimum basilicum L.","TW",2013
"2208","Ocimum basilicum L.","TW",2013
"2209","Ocimum basilicum L.","TW",2012
"2210","Ocimum basilicum L.","TW",2012
"2211","Ocimum basilicum L.","TW",2011
"2212","Ocimum basilicum L.","TW",2011
"2213","Ocimum basilicum L.","FR",2013
"2214","Ocimum basilicum L.","FR",2013
"2215","Ocimum basilicum L.","FR",2014
"2216","Ocimum basilicum L.","BJ",2014
"2217","Ocimum basilicum L.","FR",2013
"2218","Ocimum basilicum L.","FR",2016
"2219","Ocimum basilicum L.","FR",2014
"2220","Ocimum basilicum L.","FR",2013
"2221","Ocimum basilicum L.","FR",2014
"2222","Ocimum basilicum L.","CN",1926
"2223","Ocimum basilicum L.","CN",1930
"2224","Ocimum basilicum L.","CN",1931
"2225","Ocimum basilicum L.","CN",1938
"2226","Ocimum basilicum L.","CN",1939
"2227","Ocimum basilicum L.","CN",1931
"2228","Ocimum basilicum L.","CN",1932
"2229","Ocimum basilicum L.","BR",2015
"2230","Ocimum basilicum L.","BR",2015
"2231","Ocimum basilicum L.","BR",2015
"2232","Ocimum basilicum L.","BJ",1986
"2233","Ocimum basilicum L.","BJ",1986
"2234","Ocimum basilicum L.","BJ",1979
"2235","Ocimum minimum L.","CD",2000
"2236","Ocimum basilicum L.","CD",2001
"2237","Ocimum basilicum L.","CD",2002
"2238","Ocimum basilicum L.","BR",1995
"2239","Ocimum basilicum L.","BR",1995
"2240","Ocimum basilicum L.","BR",1995
"2241","Ocimum basilicum L.","BR",1995
"2242","Ocimum basilicum L.","BR",1995
"2243","Ocimum basilicum L.","BR",2016
"2244","Ocimum basilicum L.","BR",2016
"2245","Ocimum basilicum L.","CO",1980
"2246","Ocimum basilicum L.","UG",1990
"2247","Ocimum basilicum L.","PA",1985
"2248","Ocimum basilicum L.","NI",1982
"2249","Ocimum basilicum L.","NI",1979
"2250","Ocimum basilicum L.","US",1990
"2251","Ocimum basilicum L.","PA",1984
"2252","Ocimum basilicum L.","TZ",1984
"2253","Ocimum basilicum L.","GT",1985
"2254","Ocimum basilicum L.","GT",1989
"2255","Ocimum basilicum L.","GT",1985
"2256","Ocimum basilicum L.","BO",2003
"2257","Ocimum basilicum L.","CO",1990
"2258","Ocimum basilicum L.","EC",2005
"2259","Ocimum basilicum L.","EC",2004
"2260","Ocimum basilicum L.","EC",2002
"2261","Ocimum basilicum L.","NI",1979
"2262","Ocimum basilicum L.","SV",1987
"2263","Ocimum basilicum L.","TZ",2004
"2264","Ocimum basilicum L.","DO",1981
"2265","Ocimum basilicum L.","JM",1891
"2266","Ocimum basilicum L.","MX",1989
"2267","Ocimum basilicum L.","HN",2000
"2268","Ocimum basilicum L.","MX",1984
"2269","Ocimum basilicum L.","HN",2000
"2270","Ocimum basilicum L.","MX",1984
"2271","Ocimum basilicum L.","MX",1934
"2272","Ocimum basilicum L.","MX",1984
"2273","Ocimum basilicum L.","MX",1975
"2274","Ocimum basilicum L.","CO",1992
"2275","Ocimum basilicum L.","NI",2000
"2276","Ocimum basilicum L.","NI",1869
"2277","Ocimum basilicum var. minimum (L.) Alef.","MX",1917
"2278","Ocimum basilicum L.","NI",1981
"2279","Ocimum basilicum L.","NI",1981
"2280","Ocimum basilicum L.","US",1999
"2281","Ocimum basilicum L.","MY",1987
"2282","Ocimum basilicum L.","PE",2010
"2283","Ocimum basilicum L.","US",1937
"2284","Ocimum basilicum L.","US",1997
"2285","Ocimum basilicum L.","US",2008
"2286","Ocimum basilicum L.","US",2008
"2287","Ocimum basilicum L.","NI",2014
"2288","Ocimum basilicum L.","PE",2010
"2289","Ocimum basilicum L.","PE",2008
"2290","Ocimum basilicum L.","PE",2008
"2291","Ocimum basilicum L.","MX",2007
"2292","Ocimum basilicum L.","PE",2008
"2293","Ocimum basilicum L.","MX",1997
"2294","Ocimum basilicum L.","NI",2008
"2295","Ocimum basilicum L.","US",1997
"2296","Ocimum basilicum L.","CR",2002
"2297","Ocimum basilicum L.","VE",1987
"2298","Ocimum basilicum L.","CO",1943
"2299","Ocimum basilicum L.","CO",1932
"2300","Ocimum basilicum L.","CO",1932
"2301","Ocimum basilicum L.","BO",1993
"2302","Ocimum basilicum L.","BR",1932
"2303","Ocimum basilicum L.","PE",1975
"2304","Ocimum basilicum L.","CO",1946
"2305","Ocimum basilicum L.","CO",1940
"2306","Ocimum basilicum L.","BR",2003
"2307","Ocimum basilicum L.","BR",2013
"2308","Ocimum basilicum L.","BR",2013
"2309","Ocimum basilicum L.","BR",2013
"2310","Ocimum basilicum L.","BR",2012
"2311","Ocimum basilicum L.","BR",2015
"2312","Ocimum chevalieri Briq.","TD",1902
"2313","Ocimum chevalieri Briq.","TD",1902
"2314","Ocimum basilicum L.","SE",2015
"2315","Ocimum basilicum L.","CO",1994
"2316","Ocimum basilicum L.","CO",1992
"2317","Ocimum basilicum L.","CO",1993
"2318","Ocimum basilicum L.","CO",1993
"2319","Ocimum basilicum L.","CO",1993
"2320","Ocimum basilicum L.","CO",1992
"2321","Ocimum basilicum L.","CO",1992
"2322","Ocimum basilicum L.","CO",1990
"2323","Ocimum basilicum L.","CO",1990
"2324","Ocimum basilicum L.","CO",1989
"2325","Ocimum basilicum L.","CO",1989
"2326","Ocimum basilicum L.","CO",1982
"2327","Ocimum basilicum L.","CO",1988
"2328","Ocimum basilicum L.","CO",2003
"2329","Ocimum basilicum L.","CO",2006
"2330","Ocimum basilicum L.","CO",2003
"2331","Ocimum basilicum L.","CO",1981
"2332","Ocimum basilicum L.","CO",1982
"2333","Ocimum basilicum L.","CO",1982
"2334","Ocimum basilicum L.","CO",1999
"2335","Ocimum basilicum L.","CO",1999
"2336","Ocimum basilicum L.","CO",2002
"2337","Ocimum basilicum L.","CO",1998
"2338","Ocimum basilicum L.","FR",1995
"2339","Ocimum basilicum L.","FR",1785
"2340","Ocimum basilicum L.","FR",1785
"2341","Ocimum basilicum L.","FR",1963
"2342","Ocimum basilicum L.","FR",1961
"2343","Ocimum basilicum L.","CO",1985
"2344","Ocimum basilicum L.","CO",2007
"2345","Ocimum basilicum L.","CO",1995
"2346","Ocimum basilicum L.","CO",1986
"2347","Ocimum basilicum L.","CO",1986
"2348","Ocimum basilicum L.","CO",1986
"2349","Ocimum basilicum L.","BR",2012
"2350","Ocimum basilicum L.","BR",2012
"2351","Ocimum basilicum L.","BR",1986
"2352","Ocimum basilicum L.","BR",2015
"2353","Ocimum basilicum L.","BR",2014
"2354","Ocimum basilicum L.","BR",2014
"2355","Ocimum basilicum L.","BR",2010
"2356","Ocimum basilicum L.","BR",2006
"2357","Ocimum basilicum var. purpurascens Benth.","BR",2002
"2358","Ocimum basilicum L.","BR",2002
"2359","Ocimum basilicum L.","BR",1985
"2360","Ocimum basilicum L.","BR",2003
"2361","Ocimum basilicum L.","BR",2010
"2362","Ocimum basilicum L.","BR",2010
"2363","Ocimum basilicum L.","BR",2007
"2364","Ocimum basilicum L.","NZ",1992
"2365","Ocimum basilicum L.","PF",1988
"2366","Ocimum basilicum L.","PF",1992
"2367","Ocimum basilicum L.","CK",1991
"2368","Ocimum basilicum L.","CK",1991
"2369","Ocimum basilicum L.","BR",2008
"2370","Ocimum basilicum L.","BR",2007
"2371","Ocimum basilicum L.","BR",2007
"2372","Ocimum basilicum L.","BR",2007
"2373","Ocimum basilicum L.","BR",2007
"2374","Ocimum basilicum L.","BR",2003
"2375","Ocimum basilicum L.","BR",1993
"2376","Ocimum basilicum L.","BR",2005
"2377","Ocimum basilicum L.","BR",1983
"2378","Ocimum basilicum L.","BR",2008
"2379","Ocimum basilicum L.","BR",1975
"2380","Ocimum basilicum L.","BR",1992
"2381","Ocimum basilicum L.","BR",1992
"2382","Ocimum basilicum L.","BR",1982
"2383","Ocimum basilicum L.","BR",2002
"2384","Ocimum basilicum L.","BR",2003
"2385","Ocimum basilicum L.","BR",2003
"2386","Ocimum basilicum L.","BR",1981
"2387","Ocimum basilicum L.","AR",1997
"2388","Ocimum basilicum L.","BR",1994
"2389","Ocimum basilicum L.","BR",1955
"2390","Ocimum basilicum L.","BR",1949
"2391","Ocimum basilicum L.","BR",1998
"2392","Ocimum basilicum L.","BR",1985
"2393","Ocimum basilicum L.","PF",1984
"2394","Ocimum basilicum L.","PF",1992
"2395","Ocimum basilicum L.","PF",1990
"2396","Ocimum basilicum L.","US",2006
"2397","Ocimum basilicum L.","BR",2009
"2398","Ocimum basilicum L.","BR",1991
"2399","Ocimum minimum L.","BR",2000
"2400","Ocimum basilicum L.","BR",1992
"2401","Ocimum basilicum L.","BR",1991
"2402","Ocimum basilicum L.","BR",1977
"2403","Ocimum basilicum L.","BR",1977
"2404","Ocimum basilicum L.","BR",1977
"2405","Ocimum basilicum L.","BR",1990
"2406","Ocimum basilicum L.","BR",1978
"2407","Ocimum basilicum L.","BR",1998
"2408","Ocimum basilicum L.","BR",1993
"2409","Ocimum basilicum L.","BR",1988
"2410","Ocimum basilicum L.","BR",1987
"2411","Ocimum basilicum L.","BR",2007
"2412","Ocimum basilicum L.","BR",2009
"2413","Ocimum basilicum L.","BR",2008
"2414","Ocimum basilicum L.","BR",2008
"2415","Ocimum basilicum L.","TW",2002
"2416","Ocimum basilicum L.","BR",2005
"2417","Ocimum basilicum L.","BR",2008
"2418","Ocimum basilicum L.","BR",2013
"2419","Ocimum basilicum L.","BR",2008
"2420","Ocimum basilicum L.","BR",2003
"2421","Ocimum basilicum L.","BR",2009
"2422","Ocimum basilicum L.","BR",2010
"2423","Ocimum basilicum L.","BR",2010
"2424","Ocimum basilicum L.","BR",2000
"2425","Ocimum basilicum L.","BR",1996
"2426","Ocimum basilicum L.","BR",1996
"2427","Ocimum basilicum L.","BR",1987
"2428","Ocimum basilicum L.","BR",1972
"2429","Ocimum basilicum L.","BR",1972
"2430","Ocimum basilicum L.","US",1969
"2431","Ocimum basilicum L.","US",1967
"2432","Ocimum basilicum L.","US",1967
"2433","Ocimum basilicum L.","US",1967
"2434","Ocimum basilicum L.","US",1967
"2435","Ocimum basilicum L.","MX",1934
"2436","Ocimum basilicum L.","MX",1975
"2437","Ocimum basilicum L.","SE",2003
"2438","Ocimum basilicum L.","ES",2001
"2439","Ocimum basilicum L.","US",1822
"2440","Ocimum basilicum L.","DE",2014
"2441","Ocimum basilicum L.","DE",2014
"2442","Ocimum basilicum L.","SE",2004
"2443","Ocimum basilicum L.","SE",2003
"2444","Ocimum basilicum L.","CN",1957
"2445","Ocimum basilicum L.","CN",1958
"2446","Ocimum basilicum L.","CN",1960
"2447","Ocimum basilicum L.","CN",1958
"2448","Ocimum basilicum L.","CN",1943
"2449","Ocimum basilicum L.","CN",1940
"2450","Ocimum basilicum L.","CN",1940
"2451","Ocimum basilicum L.","CN",1976
"2452","Ocimum basilicum L.","CN",1958
"2453","Ocimum basilicum L.","CN",1935
"2454","Ocimum basilicum L.","CN",1958
"2455","Ocimum basilicum L.","CN",1965
"2456","Ocimum basilicum L.","CN",1973
"2457","Ocimum basilicum L.","CN",1933
"2458","Ocimum basilicum L.","CN",1958
"2459","Ocimum basilicum L.","CN",1942
"2460","Ocimum basilicum L.","CN",1958
"2461","Ocimum basilicum L.","CN",1976
"2462","Ocimum basilicum L.","CN",1958
"2463","Ocimum basilicum L.","CN",1959
"2464","Ocimum basilicum L.","CN",1973
"2465","Ocimum basilicum L.","CN",1959
"2466","Ocimum basilicum L.","CN",1957
"2467","Ocimum basilicum L.","CN",1990
"2468","Ocimum basilicum L.","CN",1959
"2469","Ocimum basilicum L.","MR",1992
